dataset,experiment,descripcion_experimento,model_family,model,model_display_name,scaler,use_pca,n_components_pca,rebalanceo,rebalanceo_short,n,B_accuracy_mean,B_accuracy_std,B_detection_latency_seconds_mean,B_detection_latency_seconds_std,B_f1_macro_mean,B_f1_macro_std,B_f1_weighted_mean,B_f1_weighted_std,B_fit_time_mean,B_fit_time_std,B_fnr_macro_mean,B_fnr_macro_std,B_fnr_weighted_mean,B_fnr_weighted_std,B_fpr_macro_mean,B_fpr_macro_std,B_fpr_weighted_mean,B_fpr_weighted_std,B_mcc_mean,B_mcc_std,B_precision_macro_mean,B_precision_macro_std,B_precision_weighted_mean,B_precision_weighted_std,B_recall_macro_mean,B_recall_macro_std,B_recall_weighted_mean,B_recall_weighted_std,B_roc_auc_mean,B_roc_auc_std,B_score_time_mean,B_score_time_std,source_file
CIC17,A2__RobustScaler_pca_NM_SMOTE_knn,RobustScaler + PCA + NearMiss_SMOTE + knn,knn,knn,KNeighborsClassifier,RobustScaler,True,3,NearMiss_SMOTE,NM_SMOTE,500,0.0081953181292475,0.0051668087754425,1.5775925077928457e-06,8.421242551816438e-08,0.0363596854386921,0.0184852611046275,0.009014844245542,0.0061510683233079,0.0019554615020751,0.0002507375436543,0.7099466965175086,0.0175668455638229,0.9918046818707524,0.0051668087754426,0.0667198844733703,0.0004562963578194,0.0089935852298023,0.0017403092030136,-0.0043015785485961,0.0137816483346788,0.1008883961293314,0.0384855505640555,0.8267962414395299,0.0175046912756534,0.2900533034824915,0.0175668455638228,0.0081953181292475,0.0051668087754425,0.5002205828424083,0.0034900435980152,0.6362869262695312,0.0339654735189576,05_results/CIC17/fase_A2_sampling_size/knn/A2__RobustScaler_pca_NM_SMOTE_knn/reports/CIC17__A2__RobustScaler_pca_NM_SMOTE_knn__cv_summary.csv
CIC17,A2__RobustScaler_pca_NM_SMOTE_knn,RobustScaler + PCA + NearMiss_SMOTE + knn,knn,knn,KNeighborsClassifier,RobustScaler,True,3,NearMiss_SMOTE,NM_SMOTE,1000,0.0224705570264729,0.0043986096876776,1.7026788570017223e-06,9.190676316541167e-08,0.0451670137327656,0.0172197265186076,0.0266073204628539,0.006275813115954,0.003314733505249,0.0004058624829238,0.6165254681698445,0.0274761029356047,0.9775294429735272,0.0043986096876776,0.0658209174880418,0.0003237864934237,0.0097843193471001,0.0015094256325303,0.0098046588606893,0.0106157822760423,0.1050133472212572,0.0362333172544141,0.8371455178791193,0.0108402855766935,0.3834745318301554,0.0274761029356047,0.0224705570264729,0.0043986096876776,0.5062046332009156,0.0024348349899569,0.6867377281188964,0.0370688091993988,05_results/CIC17/fase_A2_sampling_size/knn/A2__RobustScaler_pca_NM_SMOTE_knn/reports/CIC17__A2__RobustScaler_pca_NM_SMOTE_knn__cv_summary.csv
CIC17,A2__RobustScaler_pca_NM_SMOTE_knn,RobustScaler + PCA + NearMiss_SMOTE + knn,knn,knn,KNeighborsClassifier,RobustScaler,True,3,NearMiss_SMOTE,NM_SMOTE,2000,0.0349646138867351,0.0035266244151415,1.898663409850914e-06,2.6436446572381613e-08,0.0518768816496593,0.0018877998724153,0.0371787988657053,0.007384719544128,0.0064828872680664,3.105551858825854e-05,0.4936074657341307,0.0267466097121154,0.9650353861132648,0.0035266244151415,0.0649979329737299,0.0002001197853045,0.0099336084926836,0.0006078046309605,0.0276664029665719,0.0063693928646916,0.1009758234117968,0.0070869447655234,0.8397300752994956,0.0080964350958566,0.5063925342658692,0.0267466097121154,0.0349646138867351,0.0035266244151415,0.5126020137519588,0.0014098874495718,0.7657837390899658,0.0106628311467935,05_results/CIC17/fase_A2_sampling_size/knn/A2__RobustScaler_pca_NM_SMOTE_knn/reports/CIC17__A2__RobustScaler_pca_NM_SMOTE_knn__cv_summary.csv
CIC17,A2__RobustScaler_pca_NM_SMOTE_knn,RobustScaler + PCA + NearMiss_SMOTE + knn,knn,knn,KNeighborsClassifier,RobustScaler,True,3,NearMiss_SMOTE,NM_SMOTE,5000,0.0571108665568178,0.0112463025942494,2.315968852806178e-06,9.441486421646657e-08,0.0705503577463779,0.0070894250127748,0.0574792266335916,0.013956636759787,0.0193262100219726,0.0002445586637655,0.3932989552850209,0.0333347335994071,0.9428891334431824,0.0112463025942494,0.063471970382387,0.0008266108889742,0.0091904222926227,0.0012544581762277,0.0612484300175964,0.0148458673170293,0.1150627522953301,0.0061121075245653,0.8473431390380781,0.0053401196620918,0.6067010447149791,0.0333347335994071,0.0571108665568178,0.0112463025942494,0.5292025285354471,0.009247312902757,0.9340946197509764,0.0380800806841488,05_results/CIC17/fase_A2_sampling_size/knn/A2__RobustScaler_pca_NM_SMOTE_knn/reports/CIC17__A2__RobustScaler_pca_NM_SMOTE_knn__cv_summary.csv
CIC17,A2__RobustScaler_pca_NM_SMOTE_knn,RobustScaler + PCA + NearMiss_SMOTE + knn,knn,knn,KNeighborsClassifier,RobustScaler,True,3,NearMiss_SMOTE,NM_SMOTE,10000,0.0780585915855637,0.0223558525888142,2.538658860024214e-06,1.1812143441687407e-07,0.0950714036426999,0.01298230112512,0.0865856216445095,0.0347550804491476,0.044189167022705,0.0047003257678912,0.3645890170105514,0.0336622563442787,0.9219414084144364,0.0223558525888142,0.0624506968351507,0.0016064749379267,0.0148190441128252,0.0019984862064995,0.073530930392065,0.0201095878754293,0.1326901481473101,0.0071274678448146,0.8545047637545128,0.0033196570731721,0.6354109829894485,0.0336622563442786,0.0780585915855637,0.0223558525888142,0.5346954382681215,0.0154300671980995,1.023911714553833,0.047642237253872,05_results/CIC17/fase_A2_sampling_size/knn/A2__RobustScaler_pca_NM_SMOTE_knn/reports/CIC17__A2__RobustScaler_pca_NM_SMOTE_knn__cv_summary.csv
CIC17,A2__RobustScaler_pca_NM_SMOTE_knn,RobustScaler + PCA + NearMiss_SMOTE + knn,knn,knn,KNeighborsClassifier,RobustScaler,True,3,NearMiss_SMOTE,NM_SMOTE,20000,0.0953100667269664,0.0173844453221601,2.851933276026585e-06,8.558263169798861e-08,0.1208841485370967,0.0122077806758046,0.0947138924438524,0.020554553774557,0.0903332233428955,0.0004674991664273,0.341445826072754,0.0330236173178656,0.9046899332730336,0.0173844453221601,0.0619051263016342,0.0012382241119434,0.0238869612514807,0.0015110929628583,0.0922172366883217,0.0235177646248596,0.1494233636032663,0.004704323734035,0.8605285519327989,0.0026100161399214,0.6585541739272459,0.0330236173178656,0.0953100667269664,0.0173844453221601,0.5393700754654048,0.0151633862406596,1.1502639770507812,0.0345179994766532,05_results/CIC17/fase_A2_sampling_size/knn/A2__RobustScaler_pca_NM_SMOTE_knn/reports/CIC17__A2__RobustScaler_pca_NM_SMOTE_knn__cv_summary.csv
CIC17,A2__RobustScaler_pca_NM_SMOTE_knn,RobustScaler + PCA + NearMiss_SMOTE + knn,knn,knn,KNeighborsClassifier,RobustScaler,True,3,NearMiss_SMOTE,NM_SMOTE,30000,0.1139435464477516,0.0131855032996717,2.9409938842048004e-06,4.4588935848336834e-08,0.1309646310163153,0.0109655504174752,0.1022001963010375,0.0150090314088182,0.1674547672271728,0.0260472763857653,0.3236347000282765,0.0286093541443958,0.8860564535522484,0.0131855032996717,0.0607064124800087,0.0009433157646223,0.0245397336478825,0.0018526311655639,0.123979738835633,0.0188305256565147,0.1505259562443919,0.0048210464705259,0.8604612652030358,0.0025157683181954,0.6763652999717235,0.0286093541443957,0.1139435464477516,0.0131855032996717,0.5460320369347894,0.0083521224602083,1.1861845970153808,0.0179842846042045,05_results/CIC17/fase_A2_sampling_size/knn/A2__RobustScaler_pca_NM_SMOTE_knn/reports/CIC17__A2__RobustScaler_pca_NM_SMOTE_knn__cv_summary.csv
CIC17,A2__RobustScaler_pca_NM_SMOTE_knn,RobustScaler + PCA + NearMiss_SMOTE + knn,knn,knn,KNeighborsClassifier,RobustScaler,True,3,NearMiss_SMOTE,NM_SMOTE,40000,0.1293488822101219,0.0073208116560083,2.8417534342477253e-06,6.071091452360932e-08,0.1323451461904125,0.0064382102009363,0.1147738162746048,0.0092894476217321,0.2030372142791748,0.010321484706432,0.3116024624136483,0.0261276877203773,0.8706511177898779,0.0073208116560083,0.0597093153158793,0.0005603242079433,0.0249886119483123,0.0014223119433608,0.1424182847907267,0.0089888230562309,0.1490026823073489,0.0040298936814644,0.8609601931103553,0.0027947165053243,0.6883975375863516,0.0261276877203773,0.1293488822101219,0.0073208116560083,0.5545041698208785,0.0056630019861647,1.1461581707000732,0.0244869821869162,05_results/CIC17/fase_A2_sampling_size/knn/A2__RobustScaler_pca_NM_SMOTE_knn/reports/CIC17__A2__RobustScaler_pca_NM_SMOTE_knn__cv_summary.csv
CIC17,A2__RobustScaler_pca_NM_SMOTE_ENN_knn,RobustScaler + PCA + NearMiss_SMOTE_ENN + knn,knn,knn,KNeighborsClassifier,RobustScaler,True,3,NearMiss_SMOTE_ENN,NM_SMOTE_ENN,500,0.0160871625605108,0.0040989172290421,1.4149875873663004e-06,3.5226208271753555e-08,0.0411878223481008,0.015594489274004,0.0232608459780139,0.0078560190217692,0.0018861770629882,5.2436479500438586e-05,0.7029464903599087,0.0234563766682168,0.9839128374394892,0.0040989172290422,0.0663195875163601,0.0003183298015084,0.0108809753059126,0.0021970905226529,-0.0037798311689838,0.0127901695027365,0.1025271351852835,0.0341073600027962,0.8342559434971133,0.0091876303662073,0.2970535096400912,0.0234563766682168,0.0160871625605108,0.0040989172290421,0.5019049283149155,0.0028561291805014,0.5707038402557373,0.014208182554969,05_results/CIC17/fase_A2_sampling_size/knn/A2__RobustScaler_pca_NM_SMOTE_ENN_knn/reports/CIC17__A2__RobustScaler_pca_NM_SMOTE_ENN_knn__cv_summary.csv
CIC17,A2__RobustScaler_pca_NM_SMOTE_ENN_knn,RobustScaler + PCA + NearMiss_SMOTE_ENN + knn,knn,knn,KNeighborsClassifier,RobustScaler,True,3,NearMiss_SMOTE_ENN,NM_SMOTE_ENN,1000,0.0253813419119691,0.0052316662607648,1.5245891065098743e-06,2.2013220306082493e-08,0.04603739964403,0.014675004922703,0.0304400927423899,0.0079169016889595,0.0037233829498291,0.0009168139156026,0.5995105656761995,0.0280958048916991,0.9746186580880308,0.0052316662607648,0.0657964849451966,0.0003387925683931,0.0123286160899191,0.0024549032354895,0.0077447873277047,0.0107358178538778,0.1049926744370715,0.033743988156618,0.8357800333270603,0.0098624063619878,0.4004894343238005,0.0280958048916991,0.0253813419119691,0.0052316662607648,0.5071518795132839,0.0025733636475052,0.6149091720581055,0.0088787052368243,05_results/CIC17/fase_A2_sampling_size/knn/A2__RobustScaler_pca_NM_SMOTE_ENN_knn/reports/CIC17__A2__RobustScaler_pca_NM_SMOTE_ENN_knn__cv_summary.csv
CIC17,A2__RobustScaler_pca_NM_SMOTE_ENN_knn,RobustScaler + PCA + NearMiss_SMOTE_ENN + knn,knn,knn,KNeighborsClassifier,RobustScaler,True,3,NearMiss_SMOTE_ENN,NM_SMOTE_ENN,2000,0.0396491403165351,0.0049624062074078,1.7244181245766885e-06,3.74156159973064e-08,0.0495303863323638,0.0048842839907817,0.0435647565484908,0.010248850656434,0.0063654899597167,0.0009281713123813,0.4883735239801945,0.0119529184515099,0.9603508596834648,0.0049624062074078,0.0649786306500687,0.0003048808476079,0.0143286000675659,0.0050251007122888,0.0266360401611497,0.0062210976411913,0.0967721332483849,0.0109708818898838,0.8238245026783003,0.0372475794577839,0.5116264760198055,0.0119529184515099,0.0396491403165351,0.0049624062074078,0.5120586589480245,0.0045009180402725,0.6955057621002197,0.0150903921029553,05_results/CIC17/fase_A2_sampling_size/knn/A2__RobustScaler_pca_NM_SMOTE_ENN_knn/reports/CIC17__A2__RobustScaler_pca_NM_SMOTE_ENN_knn__cv_summary.csv
CIC17,A2__RobustScaler_pca_NM_SMOTE_ENN_knn,RobustScaler + PCA + NearMiss_SMOTE_ENN + knn,knn,knn,KNeighborsClassifier,RobustScaler,True,3,NearMiss_SMOTE_ENN,NM_SMOTE_ENN,5000,0.0705619612429532,0.0180977614241619,2.2374929895707973e-06,3.926708918868314e-08,0.0645755183140753,0.0058123774930877,0.0797665162252583,0.0255292233056328,0.0175216197967529,0.0004233960215294,0.3936621744081788,0.0315689375125454,0.9294380387570468,0.0180977614241619,0.0629758580082761,0.0013999207989024,0.0151998313670959,0.0112120323234455,0.0632540082465439,0.017889424871452,0.1065799856686959,0.0093288473687376,0.8276904436967023,0.0445796907896189,0.6063378255918211,0.0315689375125454,0.0705619612429532,0.0180977614241619,0.5264977223159786,0.0125052469770038,0.9024431228637696,0.0158373637674045,05_results/CIC17/fase_A2_sampling_size/knn/A2__RobustScaler_pca_NM_SMOTE_ENN_knn/reports/CIC17__A2__RobustScaler_pca_NM_SMOTE_ENN_knn__cv_summary.csv
CIC17,A2__RobustScaler_pca_NM_SMOTE_ENN_knn,RobustScaler + PCA + NearMiss_SMOTE_ENN + knn,knn,knn,KNeighborsClassifier,RobustScaler,True,3,NearMiss_SMOTE_ENN,NM_SMOTE_ENN,10000,0.082704442737933,0.0248599007808707,2.4480208171637197e-06,3.3841599224474426e-08,0.0865211870948354,0.0120703430348007,0.0932009087877319,0.037950693959845,0.0373820781707763,0.0006982526057957,0.3700695108057328,0.0407107685756298,0.9172955572620668,0.0248599007808707,0.0624633785414113,0.0017054459021742,0.0196551208591031,0.0052643542334826,0.0714983221380984,0.0217720073157355,0.1235349703176988,0.0078901403661837,0.8396720236275226,0.0200780209672855,0.6299304891942672,0.0407107685756299,0.082704442737933,0.0248599007808707,0.5339983936588905,0.0163503266720774,0.987354850769043,0.01364928520036,05_results/CIC17/fase_A2_sampling_size/knn/A2__RobustScaler_pca_NM_SMOTE_ENN_knn/reports/CIC17__A2__RobustScaler_pca_NM_SMOTE_ENN_knn__cv_summary.csv
CIC17,A2__RobustScaler_pca_NM_SMOTE_ENN_knn,RobustScaler + PCA + NearMiss_SMOTE_ENN + knn,knn,knn,KNeighborsClassifier,RobustScaler,True,3,NearMiss_SMOTE_ENN,NM_SMOTE_ENN,20000,0.1031295088728566,0.0292825526946503,2.7674799278481907e-06,1.0748624747395037e-07,0.1203899830620039,0.0152603452945848,0.1085651034709663,0.0444594773777213,0.0811995983123779,0.0009878020162214,0.3417183905912788,0.0334914810313116,0.8968704911271435,0.0292825526946503,0.0614636565163668,0.0020527817265991,0.0250843566183595,0.001623224846594,0.0924082524861429,0.02682883137652,0.147337496450291,0.005626690032923,0.8596369900924618,0.0038328405902885,0.6582816094087212,0.0334914810313116,0.1031295088728566,0.0292825526946503,0.5403492677424029,0.0157089584444563,1.1162015914916992,0.0433522340866945,05_results/CIC17/fase_A2_sampling_size/knn/A2__RobustScaler_pca_NM_SMOTE_ENN_knn/reports/CIC17__A2__RobustScaler_pca_NM_SMOTE_ENN_knn__cv_summary.csv
CIC17,A2__RobustScaler_pca_NM_SMOTE_ENN_knn,RobustScaler + PCA + NearMiss_SMOTE_ENN + knn,knn,knn,KNeighborsClassifier,RobustScaler,True,3,NearMiss_SMOTE_ENN,NM_SMOTE_ENN,30000,0.1165414345452663,0.0155734989671761,2.880120743661192e-06,1.203599814317815e-07,0.1269769105452929,0.0112332952423079,0.1078441672422831,0.0189708301757795,0.1227063655853271,0.0011412666606324,0.3247101185913904,0.0259716605431342,0.8834585654547338,0.0155734989671761,0.0605215209932613,0.001092816753907,0.0243642494441867,0.0010718223834835,0.1240043389082339,0.0192996681008693,0.1469430178248476,0.0040113437177659,0.8594274688160723,0.0031463633155946,0.6752898814086097,0.0259716605431341,0.1165414345452663,0.0155734989671761,0.5468240026431599,0.0086066472978415,1.161632776260376,0.0485449302555291,05_results/CIC17/fase_A2_sampling_size/knn/A2__RobustScaler_pca_NM_SMOTE_ENN_knn/reports/CIC17__A2__RobustScaler_pca_NM_SMOTE_ENN_knn__cv_summary.csv
CIC17,A2__RobustScaler_pca_NM_SMOTE_ENN_knn,RobustScaler + PCA + NearMiss_SMOTE_ENN + knn,knn,knn,KNeighborsClassifier,RobustScaler,True,3,NearMiss_SMOTE_ENN,NM_SMOTE_ENN,40000,0.131685940711124,0.0094281325810164,2.8218757565960416e-06,1.1018840195129293e-07,0.1307648907987049,0.0057954958860148,0.1206953396441147,0.0132417260655445,0.1781214714050293,0.002022348959979,0.3094627767797759,0.0225153671961959,0.8683140592888761,0.0094281325810164,0.0595328788514457,0.0006442578681949,0.0246791234828108,0.0005577225250565,0.1419981195358182,0.0082097637029035,0.1471143652529207,0.0015908915998133,0.8601073631372678,0.0034295487399335,0.690537223220224,0.0225153671961959,0.131685940711124,0.0094281325810164,0.556156247860745,0.0079431176711032,1.1381409168243408,0.044441268334358,05_results/CIC17/fase_A2_sampling_size/knn/A2__RobustScaler_pca_NM_SMOTE_ENN_knn/reports/CIC17__A2__RobustScaler_pca_NM_SMOTE_ENN_knn__cv_summary.csv
CIC17,A2__RobustScaler_pca_RUS_SMOTE_knn,RobustScaler + PCA + RUS_SMOTE + knn,knn,knn,KNeighborsClassifier,RobustScaler,True,3,RUS_SMOTE,RUS_SMOTE,500,0.7135689634503635,0.0122967125836422,1.5010774637199077e-06,7.005065119088786e-08,0.2791519269103303,0.0055851634035324,0.7826953202529012,0.0094676911891293,0.0018012046813964,3.9059701857521e-05,0.2453475448085848,0.0261836642170816,0.2864310365496365,0.0122967125836422,0.0212582801406804,0.0007228794910007,0.0324431655605694,0.0023778216222713,0.4866112752988507,0.0112652123061885,0.2301830438703489,0.004305800275875,0.9082238064745278,0.0020271278041923,0.7546524551914151,0.0261836642170816,0.7135689634503635,0.0122967125836422,0.9017291252467758,0.0035167688561714,0.6054262638092041,0.0282531898143559,05_results/CIC17/fase_A2_sampling_size/knn/A2__RobustScaler_pca_RUS_SMOTE_knn/reports/CIC17__A2__RobustScaler_pca_RUS_SMOTE_knn__cv_summary.csv
CIC17,A2__RobustScaler_pca_RUS_SMOTE_knn,RobustScaler + PCA + RUS_SMOTE + knn,knn,knn,KNeighborsClassifier,RobustScaler,True,3,RUS_SMOTE,RUS_SMOTE,1000,0.7329472457750443,0.0053233348532037,1.5758169237509636e-06,5.988529363575445e-08,0.2921407887096682,0.0037807188084255,0.7975967447063964,0.0042826812738453,0.003361701965332,3.1747741361086107e-05,0.2400649279197044,0.0359857750690313,0.2670527542249555,0.0053233348532037,0.0195732167622711,0.0003768298146549,0.0265454972091117,0.0007771286799768,0.5128619899261692,0.0052984840389069,0.2394655274024123,0.0024399097042744,0.9140600606836108,0.0014910261999794,0.7599350720802955,0.0359857750690313,0.7329472457750443,0.0053233348532037,0.9148172058308474,0.0025582930448175,0.635570764541626,0.0241531279839882,05_results/CIC17/fase_A2_sampling_size/knn/A2__RobustScaler_pca_RUS_SMOTE_knn/reports/CIC17__A2__RobustScaler_pca_RUS_SMOTE_knn__cv_summary.csv
CIC17,A2__RobustScaler_pca_RUS_SMOTE_knn,RobustScaler + PCA + RUS_SMOTE + knn,knn,knn,KNeighborsClassifier,RobustScaler,True,3,RUS_SMOTE,RUS_SMOTE,2000,0.759082808675764,0.004926075965702,1.6581052156850995e-06,5.8902564637646616e-08,0.3119792439137208,0.0021967121198897,0.8178609676448542,0.0035056075654819,0.0068178653717041,2.379376806703784e-05,0.2185222890066593,0.0318027140085243,0.2409171913242359,0.004926075965702,0.0175369278487679,0.000328326312228,0.0221367264072832,0.0012019819823529,0.5445536959844511,0.0054234097043626,0.2549136236298734,0.0015614026407089,0.9206537374775724,0.0006485376481288,0.7814777109933407,0.0318027140085243,0.759082808675764,0.004926075965702,0.9265435159175932,0.0006949769151874,0.6687599182128906,0.0237566687684844,05_results/CIC17/fase_A2_sampling_size/knn/A2__RobustScaler_pca_RUS_SMOTE_knn/reports/CIC17__A2__RobustScaler_pca_RUS_SMOTE_knn__cv_summary.csv
CIC17,A2__RobustScaler_pca_RUS_SMOTE_knn,RobustScaler + PCA + RUS_SMOTE + knn,knn,knn,KNeighborsClassifier,RobustScaler,True,3,RUS_SMOTE,RUS_SMOTE,5000,0.7954730591597785,0.0052349218112297,1.74207961071113e-06,3.1315647754594585e-08,0.3391785897429253,0.0049102606058647,0.8453675034459014,0.0041597294772196,0.0244509220123291,0.0042666540520592,0.2111459470834375,0.0317665626589317,0.2045269408402215,0.0052349218112297,0.0148625335544831,0.0003383872088944,0.0184110624770259,0.0002969526784476,0.5899651324834096,0.0069318540189886,0.2769576296241142,0.0037784344956194,0.9292430478997132,0.0017424993201519,0.7888540529165624,0.0317665626589317,0.7954730591597785,0.0052349218112297,0.9397523545426406,0.0015407304394423,0.7026291370391846,0.0126304933211917,05_results/CIC17/fase_A2_sampling_size/knn/A2__RobustScaler_pca_RUS_SMOTE_knn/reports/CIC17__A2__RobustScaler_pca_RUS_SMOTE_knn__cv_summary.csv
CIC17,A2__RobustScaler_pca_RUS_SMOTE_knn,RobustScaler + PCA + RUS_SMOTE + knn,knn,knn,KNeighborsClassifier,RobustScaler,True,3,RUS_SMOTE,RUS_SMOTE,10000,0.8236198934397286,0.001531117952666,1.818053689672593e-06,3.0997546826511984e-08,0.3620778852529306,0.0044387528537768,0.8665560297476205,0.0015639641828864,0.0537753105163574,0.0065991061990392,0.2087263163871751,0.0251450944564504,0.1763801065602713,0.001531117952666,0.0128427429985543,0.0001389470693996,0.0162610384180433,0.000714989248348,0.6278973846237345,0.0031714370409647,0.2961478066383599,0.003947047528491,0.936250952320226,0.0013789742387349,0.7912736836128248,0.0251450944564505,0.8236198934397286,0.001531117952666,0.9496630315028568,0.0005765121120167,0.733271598815918,0.0125024598980597,05_results/CIC17/fase_A2_sampling_size/knn/A2__RobustScaler_pca_RUS_SMOTE_knn/reports/CIC17__A2__RobustScaler_pca_RUS_SMOTE_knn__cv_summary.csv
CIC17,A2__RobustScaler_pca_RUS_SMOTE_knn,RobustScaler + PCA + RUS_SMOTE + knn,knn,knn,KNeighborsClassifier,RobustScaler,True,3,RUS_SMOTE,RUS_SMOTE,20000,0.8494465303362666,0.001602699422908,1.8589076457079309e-06,2.0373012919170677e-08,0.3848109630762343,0.0046904887675148,0.8853516660285085,0.0007052612921812,0.0916238784790039,0.0001552305999602,0.206724222153569,0.04088325140112,0.1505534696637333,0.0016026994229081,0.011028684510559,0.0001061829055763,0.0148767979946516,0.0005691858480684,0.6658977985174557,0.0029175412796346,0.3155810257644676,0.0035780700074757,0.9423436587960008,0.0010632466677676,0.7932757778464309,0.04088325140112,0.8494465303362666,0.001602699422908,0.9574970160916256,0.0007979777456118,0.7497491359710693,0.0082175496944235,05_results/CIC17/fase_A2_sampling_size/knn/A2__RobustScaler_pca_RUS_SMOTE_knn/reports/CIC17__A2__RobustScaler_pca_RUS_SMOTE_knn__cv_summary.csv
CIC17,A2__RobustScaler_pca_RUS_SMOTE_knn,RobustScaler + PCA + RUS_SMOTE + knn,knn,knn,KNeighborsClassifier,RobustScaler,True,3,RUS_SMOTE,RUS_SMOTE,30000,0.8625485284816381,0.001944288681891,1.987329989060297e-06,2.4835294963151405e-08,0.398070002214192,0.0055436199358722,0.8948098928127337,0.0008844594102187,0.1363529682159424,0.0004275699847567,0.2113355810159428,0.0395079065027906,0.1374514715183618,0.001944288681891,0.0100977448318534,0.0001204675173536,0.0140147009594399,0.0004666670988901,0.6866134614086404,0.0035268596432669,0.3270924548221785,0.0045810654381865,0.9455126806974674,0.0008817550132875,0.7886644189840571,0.0395079065027905,0.8625485284816381,0.001944288681891,0.9614336656213782,0.0006503358225003,0.8015454292297364,0.0100164541358311,05_results/CIC17/fase_A2_sampling_size/knn/A2__RobustScaler_pca_RUS_SMOTE_knn/reports/CIC17__A2__RobustScaler_pca_RUS_SMOTE_knn__cv_summary.csv
CIC17,A2__RobustScaler_pca_RUS_SMOTE_knn,RobustScaler + PCA + RUS_SMOTE + knn,knn,knn,KNeighborsClassifier,RobustScaler,True,3,RUS_SMOTE,RUS_SMOTE,40000,0.8712536062376636,0.0014523127068409,1.9398599981057463e-06,1.3681844332917148e-08,0.4088008195150672,0.0052094656571481,0.9009595564661232,0.0006521322067926,0.196418809890747,0.0008515302445034,0.2103412036591298,0.0417853806984304,0.1287463937623365,0.0014523127068408,0.0094841182914701,8.981958263435529e-05,0.0135153806097158,0.0003118273326763,0.7010616486180064,0.0027723529935794,0.3363725416131163,0.0042724699571911,0.94750699605099,0.000824327405716,0.7896587963408702,0.0417853806984304,0.8712536062376636,0.0014523127068409,0.9638453806800796,0.0007471916194647,0.7823994636535645,0.0055179700724014,05_results/CIC17/fase_A2_sampling_size/knn/A2__RobustScaler_pca_RUS_SMOTE_knn/reports/CIC17__A2__RobustScaler_pca_RUS_SMOTE_knn__cv_summary.csv
CIC17,A2__RobustScaler_pca_RUS_SMOTE_ENN_knn,RobustScaler + PCA + RUS_SMOTE_ENN + knn,knn,knn,KNeighborsClassifier,RobustScaler,True,3,RUS_SMOTE_ENN,RUS_SMOTE_ENN,500,0.7650551248146705,0.0077244677531328,1.3483667391166852e-06,5.692124401989172e-08,0.28143281945244,0.0070454666926124,0.8216659028094313,0.0064298335205067,0.0022198677062988,0.0002442341700727,0.2742688649825942,0.008296281358633,0.2349448751853294,0.0077244677531328,0.0207954110175236,0.0005189090325366,0.0769862900775258,0.0055566629111127,0.5044984651317181,0.0072343776262491,0.2407697671442405,0.0064689724634342,0.9063316598362474,0.0031257277954433,0.7257311350174056,0.0082962813586331,0.7650551248146705,0.0077244677531328,0.8858418275681043,0.0052047812994073,0.5438337802886963,0.0229576183068446,05_results/CIC17/fase_A2_sampling_size/knn/A2__RobustScaler_pca_RUS_SMOTE_ENN_knn/reports/CIC17__A2__RobustScaler_pca_RUS_SMOTE_ENN_knn__cv_summary.csv
CIC17,A2__RobustScaler_pca_RUS_SMOTE_ENN_knn,RobustScaler + PCA + RUS_SMOTE_ENN + knn,knn,knn,KNeighborsClassifier,RobustScaler,True,3,RUS_SMOTE_ENN,RUS_SMOTE_ENN,1000,0.7833211568013531,0.0049299157961685,1.423303730857624e-06,4.2763642049059126e-08,0.3027601152826474,0.0095057961542808,0.8356932150582175,0.0031784706469288,0.0040249824523925,0.0009103658711569,0.2467260538453222,0.0216168860815611,0.216678843198647,0.0049299157961685,0.0187756186239572,0.0003254832988043,0.0649554361607112,0.0034069970483599,0.5351966219459683,0.0037131741550429,0.2560975883971442,0.0078976136538976,0.9133914594761514,0.0007208954966899,0.7532739461546777,0.021616886081561,0.7833211568013531,0.0049299157961685,0.902855541666206,0.0033493058017353,0.5740579605102539,0.017247690931618,05_results/CIC17/fase_A2_sampling_size/knn/A2__RobustScaler_pca_RUS_SMOTE_ENN_knn/reports/CIC17__A2__RobustScaler_pca_RUS_SMOTE_ENN_knn__cv_summary.csv
CIC17,A2__RobustScaler_pca_RUS_SMOTE_ENN_knn,RobustScaler + PCA + RUS_SMOTE_ENN + knn,knn,knn,KNeighborsClassifier,RobustScaler,True,3,RUS_SMOTE_ENN,RUS_SMOTE_ENN,2000,0.8061948600258445,0.0023384112244802,1.5118856458704572e-06,6.082054068090732e-08,0.3267420273267828,0.0048589232801071,0.8528499723470322,0.0014535602402014,0.0062328338623046,0.0010648996008169,0.2294317670716395,0.0139643097618595,0.1938051399741555,0.0023384112244802,0.0165035096223084,0.0001467534472513,0.0537475043604713,0.0032032075139694,0.5734736154597483,0.0026814146245761,0.2742014481561863,0.0042168370598693,0.921458375864214,0.0017677993810026,0.7705682329283604,0.0139643097618595,0.8061948600258445,0.0023384112244802,0.918423217019498,0.0015070395565244,0.609785509109497,0.0245305553138117,05_results/CIC17/fase_A2_sampling_size/knn/A2__RobustScaler_pca_RUS_SMOTE_ENN_knn/reports/CIC17__A2__RobustScaler_pca_RUS_SMOTE_ENN_knn__cv_summary.csv
CIC17,A2__RobustScaler_pca_RUS_SMOTE_ENN_knn,RobustScaler + PCA + RUS_SMOTE_ENN + knn,knn,knn,KNeighborsClassifier,RobustScaler,True,3,RUS_SMOTE_ENN,RUS_SMOTE_ENN,5000,0.8362904781985652,0.0047395360085088,1.622210079061462e-06,2.933063569616016e-08,0.3543425877366059,0.0044415114925837,0.874837210376891,0.0031944085690271,0.0173758029937744,0.0013379959063987,0.2211418119279725,0.0260117064893677,0.1637095218014347,0.0047395360085088,0.0138657501252385,0.0002453085481518,0.0442767300771436,0.0016201560411351,0.6226175392133868,0.0076455259784788,0.2957674908986379,0.003545442391576,0.9309481319942166,0.0014318539131149,0.7788581880720276,0.0260117064893676,0.8362904781985652,0.0047395360085088,0.9331422791246642,0.0013075709749234,0.6542824268341064,0.0118301740085067,05_results/CIC17/fase_A2_sampling_size/knn/A2__RobustScaler_pca_RUS_SMOTE_ENN_knn/reports/CIC17__A2__RobustScaler_pca_RUS_SMOTE_ENN_knn__cv_summary.csv
CIC17,A2__RobustScaler_pca_RUS_SMOTE_ENN_knn,RobustScaler + PCA + RUS_SMOTE_ENN + knn,knn,knn,KNeighborsClassifier,RobustScaler,True,3,RUS_SMOTE_ENN,RUS_SMOTE_ENN,10000,0.8588135998424111,0.0012342614583927,1.7157631448673275e-06,4.394504338824472e-08,0.3758638445053785,0.0027384143016165,0.8914588873519206,0.0008020905269482,0.0364687919616699,0.0003825433865697,0.2218968351324657,0.0274470131026196,0.141186400157589,0.0012342614583927,0.0120539448074066,6.220006785275242e-05,0.0396227719535102,0.000976641222897,0.6601889178120713,0.0031174259016994,0.313830072185345,0.0024717565516445,0.938133017830185,0.0011362008465466,0.7781031648675343,0.0274470131026197,0.8588135998424111,0.0012342614583927,0.9441465544606792,0.0007225874753216,0.6920149803161622,0.017724543609746,05_results/CIC17/fase_A2_sampling_size/knn/A2__RobustScaler_pca_RUS_SMOTE_ENN_knn/reports/CIC17__A2__RobustScaler_pca_RUS_SMOTE_ENN_knn__cv_summary.csv
CIC17,A2__RobustScaler_pca_RUS_SMOTE_ENN_knn,RobustScaler + PCA + RUS_SMOTE_ENN + knn,knn,knn,KNeighborsClassifier,RobustScaler,True,3,RUS_SMOTE_ENN,RUS_SMOTE_ENN,20000,0.8800687677620201,0.0019116169678873,1.8084401668896371e-06,2.5267523559559506e-08,0.4007154701956644,0.0053668697835013,0.9072557663794854,0.000915695195384,0.080060338973999,0.0006477887331003,0.2165259516640946,0.0300634826972622,0.1199312322379797,0.0019116169678873,0.0104105050621701,0.0001447966161238,0.0362263436945728,0.0004129408209127,0.6983120073293578,0.0043635928074476,0.3360716741688039,0.0029507414669812,0.94529227198722,0.0008027008525839,0.7834740483359054,0.0300634826972622,0.8800687677620201,0.0019116169678873,0.9524915834137836,0.0008578379565436,0.7293941974639893,0.0101914116862662,05_results/CIC17/fase_A2_sampling_size/knn/A2__RobustScaler_pca_RUS_SMOTE_ENN_knn/reports/CIC17__A2__RobustScaler_pca_RUS_SMOTE_ENN_knn__cv_summary.csv
CIC17,A2__RobustScaler_pca_RUS_SMOTE_ENN_knn,RobustScaler + PCA + RUS_SMOTE_ENN + knn,knn,knn,KNeighborsClassifier,RobustScaler,True,3,RUS_SMOTE_ENN,RUS_SMOTE_ENN,30000,0.8909586696617776,0.0017112641412058,1.941455110256858e-06,1.908457229644691e-08,0.4142781423154929,0.0058468251404953,0.9153845921996566,0.0006263264747936,0.1206226348876953,0.0010940626071126,0.2177175976688056,0.0285499346990182,0.1090413303382223,0.0017112641412058,0.0095322794627828,0.0001288835884848,0.0339428616035197,0.0007337649457583,0.7195062878038712,0.0041714885024949,0.3482218610748407,0.0035475262331755,0.949258339187886,0.0006968744121766,0.7822824023311943,0.0285499346990183,0.8909586696617776,0.0017112641412058,0.9569378654659731,0.0010242730086595,0.7830428123474121,0.0076965582872716,05_results/CIC17/fase_A2_sampling_size/knn/A2__RobustScaler_pca_RUS_SMOTE_ENN_knn/reports/CIC17__A2__RobustScaler_pca_RUS_SMOTE_ENN_knn__cv_summary.csv
CIC17,A2__RobustScaler_pca_RUS_SMOTE_ENN_knn,RobustScaler + PCA + RUS_SMOTE_ENN + knn,knn,knn,KNeighborsClassifier,RobustScaler,True,3,RUS_SMOTE_ENN,RUS_SMOTE_ENN,40000,0.8974521472985538,0.0019578534113149,1.906788246453142e-06,7.656748958732105e-09,0.4258525634878274,0.0060084213320625,0.920062790448402,0.0007888469078448,0.174775743484497,0.0013971938967804,0.2142558611520813,0.0331385579553325,0.1025478527014462,0.0019578534113149,0.0090346269085916,0.0001378107453454,0.032971550927429,0.0005959740575238,0.7326086419906384,0.004505051109492,0.3584479809812128,0.0041453852357443,0.9512771901438336,0.0004818229189199,0.7857441388479186,0.0331385579553324,0.8974521472985538,0.0019578534113149,0.9596397362162458,0.0006630294465808,0.7690607070922851,0.0030877390557775,05_results/CIC17/fase_A2_sampling_size/knn/A2__RobustScaler_pca_RUS_SMOTE_ENN_knn/reports/CIC17__A2__RobustScaler_pca_RUS_SMOTE_ENN_knn__cv_summary.csv
CIC17,A2__StandardScaler_pca_NM_SMOTE_knn,StandardScaler + PCA + NearMiss_SMOTE + knn,knn,knn,KNeighborsClassifier,StandardScaler,True,33,NearMiss_SMOTE,NM_SMOTE,500,0.1126309654087461,0.0030913326159248,1.7922570849096392e-06,1.7688045763562165e-08,0.1349979408687137,0.0203820237720571,0.1561467226919196,0.0061788073738334,0.0009035587310791,7.466735491867797e-05,0.4857803207075465,0.0260855059496941,0.8873690345912537,0.0030913326159248,0.0630874143985444,0.0010244628307122,0.0589421813869123,0.0133883389359414,0.113313278433569,0.0112773180867866,0.2661923040514961,0.0185293851322696,0.7979205175177214,0.0301703838368576,0.5142196792924535,0.026085505949694,0.1126309654087461,0.0030913326159248,0.5056421641341096,0.0248744426231239,0.7228671073913574,0.0071341221749015,05_results/CIC17/fase_A2_sampling_size/knn/A2__StandardScaler_pca_NM_SMOTE_knn/reports/CIC17__A2__StandardScaler_pca_NM_SMOTE_knn__cv_summary.csv
CIC17,A2__StandardScaler_pca_NM_SMOTE_knn,StandardScaler + PCA + NearMiss_SMOTE + knn,knn,knn,KNeighborsClassifier,StandardScaler,True,33,NearMiss_SMOTE,NM_SMOTE,1000,0.1219350610615174,0.0051068676125421,3.0643649043887386e-06,5.807716305175815e-09,0.1828842473276262,0.0360468009751474,0.1651274830356632,0.0113699522080417,0.0012959957122802,5.404939197149074e-05,0.3949575930693831,0.023897566957549,0.8780649389384825,0.0051068676125421,0.0632017091676454,0.0014547043727305,0.0699606985761989,0.0188594379094299,0.1179618668617887,0.0146641719815608,0.2873775976219682,0.0318610419338698,0.7838560834945787,0.0449784436139487,0.605042406930617,0.023897566957549,0.1219350610615174,0.0051068676125421,0.5044703535059758,0.0104293618723495,1.2359435558319092,0.0023427758116578,05_results/CIC17/fase_A2_sampling_size/knn/A2__StandardScaler_pca_NM_SMOTE_knn/reports/CIC17__A2__StandardScaler_pca_NM_SMOTE_knn__cv_summary.csv
CIC17,A2__StandardScaler_pca_NM_SMOTE_knn,StandardScaler + PCA + NearMiss_SMOTE + knn,knn,knn,KNeighborsClassifier,StandardScaler,True,33,NearMiss_SMOTE,NM_SMOTE,2000,0.123979553357554,0.0048572751596523,5.740038758110762e-06,1.252342519243335e-07,0.2081738057185726,0.0068478592511348,0.1656041038423058,0.0092369426716639,0.0024552822113037,0.000179548534805,0.3551166676750723,0.0265503850528806,0.8760204466424458,0.0048572751596523,0.0609463603692803,0.0007954217161322,0.0381749588967592,0.0105892528113609,0.1307685409592966,0.0108774561890996,0.3011875854162046,0.0078032630599741,0.8533196154791536,0.0233323078309667,0.6448833323249277,0.0265503850528806,0.123979553357554,0.0048572751596523,0.5271133954536129,0.0041193725757955,2.3151172161102296,0.050511154392075,05_results/CIC17/fase_A2_sampling_size/knn/A2__StandardScaler_pca_NM_SMOTE_knn/reports/CIC17__A2__StandardScaler_pca_NM_SMOTE_knn__cv_summary.csv
CIC17,A2__StandardScaler_pca_NM_SMOTE_knn,StandardScaler + PCA + NearMiss_SMOTE + knn,knn,knn,KNeighborsClassifier,StandardScaler,True,33,NearMiss_SMOTE,NM_SMOTE,5000,0.1366312960403329,0.0058088140847361,1.3474615071750056e-05,9.112165413272916e-09,0.1972110579248021,0.0096182614578473,0.178965776728329,0.0110105394775571,0.0059776782989501,0.0001114633503763,0.2875580397983573,0.0226902897812623,0.8633687039596672,0.0058088140847361,0.0612310048027247,0.0006624048703019,0.0550963680812045,0.013457363884961,0.1372019215966101,0.0109054398265089,0.2779505804917399,0.0084260065949899,0.8270755170446249,0.0215296641219292,0.7124419602016426,0.0226902897812623,0.1366312960403329,0.0058088140847361,0.5313334664118521,0.0038224620438164,5.434686851501465,0.003672913068778,05_results/CIC17/fase_A2_sampling_size/knn/A2__StandardScaler_pca_NM_SMOTE_knn/reports/CIC17__A2__StandardScaler_pca_NM_SMOTE_knn__cv_summary.csv
CIC17,A2__StandardScaler_pca_NM_SMOTE_knn,StandardScaler + PCA + NearMiss_SMOTE + knn,knn,knn,KNeighborsClassifier,StandardScaler,True,33,NearMiss_SMOTE,NM_SMOTE,10000,0.1563616488497335,0.0058568846316648,2.656678877920793e-05,7.21191413203813e-08,0.2114244657869703,0.0094412304002428,0.2092655304368943,0.0113536140837598,0.0107786655426025,0.0001755677248195,0.2726527551587417,0.0219264658068372,0.8436383511502663,0.0058568846316648,0.0608262716667796,0.0003730194114395,0.0687557238514278,0.0101720995961098,0.1504703484304503,0.0099553326873155,0.2828741707031018,0.0086586420476059,0.8239396750356489,0.009034816785827,0.7273472448412581,0.0219264658068373,0.1563616488497335,0.0058568846316648,0.5240019023361155,0.0058728111786024,10.715124464035034,0.029084283264943,05_results/CIC17/fase_A2_sampling_size/knn/A2__StandardScaler_pca_NM_SMOTE_knn/reports/CIC17__A2__StandardScaler_pca_NM_SMOTE_knn__cv_summary.csv
CIC17,A2__StandardScaler_pca_NM_SMOTE_knn,StandardScaler + PCA + NearMiss_SMOTE + knn,knn,knn,KNeighborsClassifier,StandardScaler,True,33,NearMiss_SMOTE,NM_SMOTE,20000,0.188859781148363,0.0081410071082796,5.374361570606288e-05,1.810549115484136e-06,0.2347240223339683,0.0115614347285229,0.2515418868133027,0.0138809910811116,0.0210301876068115,0.0005903671298101,0.2520549323384106,0.0181098284593595,0.811140218851637,0.0081410071082795,0.0571195316484121,0.0011804629864798,0.0456527558745445,0.0109370949043206,0.1961741826100791,0.0134641354324504,0.2957453348987954,0.0101621549253593,0.8828622660098228,0.0231091603111279,0.7479450676615894,0.0181098284593595,0.188859781148363,0.0081410071082796,0.5503304964621585,0.0099467912960061,21.67629442214966,0.7302501138817106,05_results/CIC17/fase_A2_sampling_size/knn/A2__StandardScaler_pca_NM_SMOTE_knn/reports/CIC17__A2__StandardScaler_pca_NM_SMOTE_knn__cv_summary.csv
CIC17,A2__StandardScaler_pca_NM_SMOTE_knn,StandardScaler + PCA + NearMiss_SMOTE + knn,knn,knn,KNeighborsClassifier,StandardScaler,True,33,NearMiss_SMOTE,NM_SMOTE,30000,0.2552598598940424,0.0302651687357515,8.299546474653023e-05,5.038889810736188e-06,0.2706146748222716,0.0137319708474421,0.3287672549825616,0.0429176021187004,0.0298510074615478,0.0007516641037067,0.2021824151783934,0.0208465600945124,0.7447401401059576,0.0302651687357515,0.0514387662779427,0.0021228174430639,0.0268413540631836,0.0051752533005136,0.2713193018799863,0.010711508096786,0.31121403357923,0.0129491636533782,0.9293641643732428,0.0142319549092649,0.7978175848216067,0.0208465600945125,0.2552598598940424,0.0302651687357515,0.603797587482789,0.0328378396554706,33.47437891960144,2.032339406690389,05_results/CIC17/fase_A2_sampling_size/knn/A2__StandardScaler_pca_NM_SMOTE_knn/reports/CIC17__A2__StandardScaler_pca_NM_SMOTE_knn__cv_summary.csv
CIC17,A2__StandardScaler_pca_NM_SMOTE_knn,StandardScaler + PCA + NearMiss_SMOTE + knn,knn,knn,KNeighborsClassifier,StandardScaler,True,33,NearMiss_SMOTE,NM_SMOTE,40000,0.3284430065113579,0.0653367034879687,0.0001067352923544,2.320059254307265e-06,0.2900073214814499,0.0139093693679576,0.4239273890653724,0.0835019675698547,0.0394985198974609,0.0012957774877045,0.1858473471833384,0.0184496601047706,0.6715569934886421,0.0653367034879687,0.045065080811043,0.0042913968794697,0.004419218677003,0.0020229580312841,0.3191611901269416,0.0216697722430725,0.3162743789100105,0.0120522413487119,0.9610855416709124,0.0059907136101248,0.8141526528166615,0.0184496601047706,0.3284430065113579,0.0653367034879687,0.6811051340988936,0.0482653509312066,43.04930982589722,0.93569578162657,05_results/CIC17/fase_A2_sampling_size/knn/A2__StandardScaler_pca_NM_SMOTE_knn/reports/CIC17__A2__StandardScaler_pca_NM_SMOTE_knn__cv_summary.csv
CIC17,A2__StandardScaler_pca_NM_SMOTE_ENN_knn,StandardScaler + PCA + NearMiss_SMOTE_ENN + knn,knn,knn,KNeighborsClassifier,StandardScaler,True,33,NearMiss_SMOTE_ENN,NM_SMOTE_ENN,500,0.1125977419260575,0.0030044062345392,1.6827092598254876e-06,2.4228128981030666e-08,0.1450819983231068,0.0198471284744794,0.1581832183121988,0.0061976858313658,0.0009668350219726,0.0001480369545323,0.4781411320730388,0.0228457152171605,0.8874022580739425,0.0030044062345392,0.0629789879778768,0.0010293231457828,0.0572825615942104,0.0136843040497303,0.1177898093587299,0.0133581716273991,0.2732765954669499,0.0184466746105365,0.8004478403238405,0.030574145597081,0.5218588679269612,0.0228457152171604,0.1125977419260575,0.0030044062345392,0.5081869879759798,0.0246260322043196,0.6786834239959717,0.009771899400887,05_results/CIC17/fase_A2_sampling_size/knn/A2__StandardScaler_pca_NM_SMOTE_ENN_knn/reports/CIC17__A2__StandardScaler_pca_NM_SMOTE_ENN_knn__cv_summary.csv
CIC17,A2__StandardScaler_pca_NM_SMOTE_ENN_knn,StandardScaler + PCA + NearMiss_SMOTE_ENN + knn,knn,knn,KNeighborsClassifier,StandardScaler,True,33,NearMiss_SMOTE_ENN,NM_SMOTE_ENN,1000,0.1217471245519525,0.005090539414143,2.800840391837726e-06,1.1308978144369012e-08,0.1946033776457113,0.0365265736175333,0.1673845848245794,0.0102766374271367,0.0016383171081542,0.0002996919452906,0.3861182125505163,0.0180935328438912,0.8782528754480474,0.0050905394141431,0.0631314372892282,0.0014738117110582,0.0687186838903767,0.0194582557913006,0.1233160943825324,0.0170609494577418,0.2962824356046216,0.0321702018315956,0.7853756652798941,0.0459038486863489,0.6138817874494837,0.0180935328438911,0.1217471245519525,0.005090539414143,0.5068394347044543,0.0110576480146487,1.1296567916870115,0.0045606985363253,05_results/CIC17/fase_A2_sampling_size/knn/A2__StandardScaler_pca_NM_SMOTE_ENN_knn/reports/CIC17__A2__StandardScaler_pca_NM_SMOTE_ENN_knn__cv_summary.csv
CIC17,A2__StandardScaler_pca_NM_SMOTE_ENN_knn,StandardScaler + PCA + NearMiss_SMOTE_ENN + knn,knn,knn,KNeighborsClassifier,StandardScaler,True,33,NearMiss_SMOTE_ENN,NM_SMOTE_ENN,2000,0.1237891374234942,0.0047732362629859,5.369023637326711e-06,2.6651919755854976e-07,0.2154128010794322,0.0075089600904662,0.1678124323450498,0.008318700925526,0.0027647495269775,0.0004138267822365,0.3505748316195163,0.0257521424188416,0.8762108625765057,0.0047732362629859,0.0609055858872175,0.0008677393471754,0.0373729257317575,0.0118667329158367,0.1355267464171456,0.0133374082309777,0.3079580732140682,0.0078645934129427,0.8539744531261512,0.0258065056800343,0.6494251683804837,0.0257521424188416,0.1237891374234942,0.0047732362629859,0.5292179819049962,0.0048961765381476,2.165476512908936,0.1074951762552008,05_results/CIC17/fase_A2_sampling_size/knn/A2__StandardScaler_pca_NM_SMOTE_ENN_knn/reports/CIC17__A2__StandardScaler_pca_NM_SMOTE_ENN_knn__cv_summary.csv
CIC17,A2__StandardScaler_pca_NM_SMOTE_ENN_knn,StandardScaler + PCA + NearMiss_SMOTE_ENN + knn,knn,knn,KNeighborsClassifier,StandardScaler,True,33,NearMiss_SMOTE_ENN,NM_SMOTE_ENN,5000,0.1369997309912981,0.005720190702125,1.3540909580119653e-05,8.393570844202643e-07,0.2031584091016573,0.0118022742966758,0.1828105464838181,0.0097278409538252,0.0058405399322509,0.000519501227263,0.285853102042531,0.0220911380914613,0.863000269008702,0.005720190702125,0.0611012705119605,0.0006393446828147,0.0535187886707069,0.0137167810148118,0.1427500971345024,0.0125722037245981,0.2840382756649576,0.0099457270160757,0.8310669701869177,0.0212146063571091,0.714146897957469,0.0220911380914613,0.1369997309912981,0.005720190702125,0.5332469600934362,0.0047684145171289,5.46142544746399,0.3385395417090225,05_results/CIC17/fase_A2_sampling_size/knn/A2__StandardScaler_pca_NM_SMOTE_ENN_knn/reports/CIC17__A2__StandardScaler_pca_NM_SMOTE_ENN_knn__cv_summary.csv
CIC17,A2__StandardScaler_pca_NM_SMOTE_ENN_knn,StandardScaler + PCA + NearMiss_SMOTE_ENN + knn,knn,knn,KNeighborsClassifier,StandardScaler,True,33,NearMiss_SMOTE_ENN,NM_SMOTE_ENN,10000,0.156575866830108,0.0061490112529045,2.5776623716207468e-05,1.0220003214457826e-06,0.2189535958445999,0.0111877447823703,0.2133050710753599,0.0100581177269195,0.0098633766174316,0.0005158640377771,0.2705245554670539,0.019583132406538,0.843424133169892,0.0061490112529045,0.0606707769376916,0.0004560286134863,0.0666375208954833,0.0121932546997277,0.1564123815647012,0.0120380082081998,0.2906418130727363,0.0103092408968196,0.829314887460033,0.0118814718953759,0.7294754445329461,0.019583132406538,0.156575866830108,0.0061490112529045,0.5254374144140619,0.0042056431537849,10.396429061889648,0.4122052512133395,05_results/CIC17/fase_A2_sampling_size/knn/A2__StandardScaler_pca_NM_SMOTE_ENN_knn/reports/CIC17__A2__StandardScaler_pca_NM_SMOTE_ENN_knn__cv_summary.csv
CIC17,A2__StandardScaler_pca_NM_SMOTE_ENN_knn,StandardScaler + PCA + NearMiss_SMOTE_ENN + knn,knn,knn,KNeighborsClassifier,StandardScaler,True,33,NearMiss_SMOTE_ENN,NM_SMOTE_ENN,20000,0.1896844207813373,0.0084835945873557,5.227514118732157e-05,2.632785722056327e-06,0.2445961326954711,0.0140147542627066,0.2571180227118058,0.0123781360009701,0.0202422618865966,0.0007455053017088,0.2527695957261883,0.0189687508868013,0.8103155792186627,0.0084835945873557,0.0569599773672041,0.001156209838532,0.044084081289399,0.0102646047153821,0.2025737116238686,0.0124151034944535,0.3057053510593245,0.011395128937146,0.8880573615078153,0.0205964205326403,0.7472304042738116,0.0189687508868013,0.1896844207813373,0.0084835945873557,0.5522123215716048,0.0085420752406276,21.08401675224304,1.061850844317605,05_results/CIC17/fase_A2_sampling_size/knn/A2__StandardScaler_pca_NM_SMOTE_ENN_knn/reports/CIC17__A2__StandardScaler_pca_NM_SMOTE_ENN_knn__cv_summary.csv
CIC17,A2__StandardScaler_pca_NM_SMOTE_ENN_knn,StandardScaler + PCA + NearMiss_SMOTE_ENN + knn,knn,knn,KNeighborsClassifier,StandardScaler,True,33,NearMiss_SMOTE_ENN,NM_SMOTE_ENN,30000,0.2560899540868139,0.0309226716274569,7.846343890748013e-05,4.0016938952003e-06,0.2832488112426449,0.0139970360968095,0.3363671765655844,0.0388998369581808,0.0316841602325439,0.0047900657087514,0.2002034776330017,0.0160435897125627,0.743910045913186,0.0309226716274569,0.0512756896034057,0.002088323537443,0.0252252981379001,0.0052441314131133,0.2786239439313199,0.0061716417524308,0.323403830771079,0.0143652261591642,0.935878719113483,0.0118276778576283,0.7997965223669983,0.0160435897125627,0.2560899540868139,0.0309226716274569,0.6042131795556378,0.0327798027777134,31.64648594856262,1.613989061143194,05_results/CIC17/fase_A2_sampling_size/knn/A2__StandardScaler_pca_NM_SMOTE_ENN_knn/reports/CIC17__A2__StandardScaler_pca_NM_SMOTE_ENN_knn__cv_summary.csv
CIC17,A2__StandardScaler_pca_NM_SMOTE_ENN_knn,StandardScaler + PCA + NearMiss_SMOTE_ENN + knn,knn,knn,KNeighborsClassifier,StandardScaler,True,33,NearMiss_SMOTE_ENN,NM_SMOTE_ENN,40000,0.3403772153713519,0.0870673569767237,0.0001043308812023,2.883176806873329e-06,0.3045594699304597,0.0070132403729355,0.4439941094606958,0.1011902409813328,0.041741132736206,0.0017811910976151,0.1846278369630355,0.0192096847188953,0.6596227846286481,0.0870673569767237,0.044130160508561,0.0057033524477145,0.0023296229997668,0.0016488884833852,0.3317973755146396,0.0255597086194489,0.329350711615698,0.0116119079213674,0.9681022162873236,0.0057150171473783,0.8153721630369646,0.0192096847188953,0.3403772153713519,0.0870673569767237,0.6814835506382932,0.0481243665419525,42.07954502105713,1.1628763867961127,05_results/CIC17/fase_A2_sampling_size/knn/A2__StandardScaler_pca_NM_SMOTE_ENN_knn/reports/CIC17__A2__StandardScaler_pca_NM_SMOTE_ENN_knn__cv_summary.csv
CIC17,A2__StandardScaler_pca_RUS_SMOTE_knn,StandardScaler + PCA + RUS_SMOTE + knn,knn,knn,KNeighborsClassifier,StandardScaler,True,33,RUS_SMOTE,RUS_SMOTE,500,0.8671804893301689,0.0074127619559043,1.8698868173682035e-06,4.333352256432784e-08,0.4117983785658579,0.0136744760707716,0.9048538604350024,0.0053976024421097,0.0010649681091308,0.0002105289649713,0.1165861376862727,0.0188305583547037,0.1328195106698311,0.0074127619559043,0.0091115127763714,0.0004855650869609,0.0038531809757405,0.0001696952339056,0.7112624548301012,0.01051988312344,0.3388478544419729,0.0112166495000488,0.9624449630668468,0.0015793213718396,0.8834138623137273,0.0188305583547037,0.8671804893301689,0.0074127619559043,0.9601205171271172,0.0029523755998349,0.7541773319244385,0.0174773843375514,05_results/CIC17/fase_A2_sampling_size/knn/A2__StandardScaler_pca_RUS_SMOTE_knn/reports/CIC17__A2__StandardScaler_pca_RUS_SMOTE_knn__cv_summary.csv
CIC17,A2__StandardScaler_pca_RUS_SMOTE_knn,StandardScaler + PCA + RUS_SMOTE + knn,knn,knn,KNeighborsClassifier,StandardScaler,True,33,RUS_SMOTE,RUS_SMOTE,1000,0.8965392408873054,0.0023227311664623,3.020821397692916e-06,1.212262980953833e-07,0.4389248878940683,0.0161201057159501,0.9255198971588224,0.0013185534922289,0.0013767719268798,4.063676651311668e-05,0.1115731934723574,0.0209793072084047,0.1034607591126947,0.0023227311664623,0.0071324699232417,0.0001411566822515,0.0035262897359318,0.0003084867130564,0.7570064646026523,0.0037959046011336,0.3623832630318439,0.0134972964910322,0.9685721720325338,0.0003347754762429,0.8884268065276426,0.0209793072084047,0.8965392408873054,0.0023227311664623,0.9718357712467958,0.0018058915650156,1.2183812618255616,0.0488943655649707,05_results/CIC17/fase_A2_sampling_size/knn/A2__StandardScaler_pca_RUS_SMOTE_knn/reports/CIC17__A2__StandardScaler_pca_RUS_SMOTE_knn__cv_summary.csv
CIC17,A2__StandardScaler_pca_RUS_SMOTE_knn,StandardScaler + PCA + RUS_SMOTE + knn,knn,knn,KNeighborsClassifier,StandardScaler,True,33,RUS_SMOTE,RUS_SMOTE,2000,0.9220326494083768,0.0018892115406347,5.80666049274953e-06,3.794145638179042e-07,0.4763907691902459,0.0123256528512909,0.9431435367186994,0.0013027517975619,0.0026074886322021,0.0001064434959526,0.113330684981823,0.0175758730153067,0.0779673505916231,0.0018892115406347,0.0054027507408473,0.0001120417799129,0.0030739105210873,0.0003258484202592,0.8030448428742906,0.0036012125163049,0.396511792284685,0.0101600351924096,0.9739054548098652,0.0005965423844216,0.8866693150181769,0.0175758730153067,0.9220326494083768,0.0018892115406347,0.9790887624244488,0.0007524703555186,2.341987657546997,0.1530295309629982,05_results/CIC17/fase_A2_sampling_size/knn/A2__StandardScaler_pca_RUS_SMOTE_knn/reports/CIC17__A2__StandardScaler_pca_RUS_SMOTE_knn__cv_summary.csv
CIC17,A2__StandardScaler_pca_RUS_SMOTE_knn,StandardScaler + PCA + RUS_SMOTE + knn,knn,knn,KNeighborsClassifier,StandardScaler,True,33,RUS_SMOTE,RUS_SMOTE,5000,0.9460776075723468,0.0013181302909519,1.3298546617548582e-05,2.3842647405109882e-08,0.5232950791872205,0.0095451413824675,0.9592575913454264,0.000961688853667,0.006166648864746,0.0001935014940916,0.1061263084288671,0.0197146859596452,0.0539223924276531,0.001318130290952,0.0037645004875076,9.302798279495352e-05,0.0025451148849617,0.0003177503460481,0.8530298145901541,0.0029953997560895,0.4436319787954801,0.008994259238905,0.978649831117713,0.0006045435012713,0.893873691571133,0.0197146859596453,0.9460776075723468,0.0013181302909519,0.9847664372553666,0.0004819578096095,5.363673543930053,0.0096118488658313,05_results/CIC17/fase_A2_sampling_size/knn/A2__StandardScaler_pca_RUS_SMOTE_knn/reports/CIC17__A2__StandardScaler_pca_RUS_SMOTE_knn__cv_summary.csv
CIC17,A2__StandardScaler_pca_RUS_SMOTE_knn,StandardScaler + PCA + RUS_SMOTE + knn,knn,knn,KNeighborsClassifier,StandardScaler,True,33,RUS_SMOTE,RUS_SMOTE,10000,0.9581640542603758,0.0011132170339193,2.703196522870125e-05,1.3658266010066532e-06,0.5639098406864587,0.0101731262503305,0.967382361925384,0.000856888303267,0.0109540939331054,0.0001835117266341,0.1081636688800523,0.0152621128185889,0.0418359457396243,0.0011132170339193,0.0029207445450002,7.13848436788061e-05,0.0019752224353794,0.0001560767822283,0.8813123744963823,0.0027080362393445,0.486539320294075,0.0096646022675036,0.981164614378192,0.000513951372216,0.8918363311199476,0.0152621128185889,0.9581640542603758,0.0011132170339193,0.9881655784126104,0.0003807387208724,10.902743196487426,0.550879276600521,05_results/CIC17/fase_A2_sampling_size/knn/A2__StandardScaler_pca_RUS_SMOTE_knn/reports/CIC17__A2__StandardScaler_pca_RUS_SMOTE_knn__cv_summary.csv
CIC17,A2__StandardScaler_pca_RUS_SMOTE_knn,StandardScaler + PCA + RUS_SMOTE + knn,knn,knn,KNeighborsClassifier,StandardScaler,True,33,RUS_SMOTE,RUS_SMOTE,20000,0.9673987260051616,0.0004967594963149,5.317845601242894e-05,1.478162726007394e-06,0.6089975638892973,0.0161032090553811,0.9737081172482556,0.0003602511045784,0.0215380668640136,0.0018766943451836,0.107653657321407,0.013477014023882,0.0326012739948383,0.0004967594963149,0.0022791057648302,3.396488353650869e-05,0.0015853124776156,0.000116001509968,0.90447155300236,0.0012744230246161,0.5375813167165685,0.0164817784829145,0.983387509584096,0.0002525680404991,0.8923463426785929,0.013477014023882,0.9673987260051616,0.0004967594963149,0.990436818382342,0.0001094131543032,21.448349142074584,0.5961594527018071,05_results/CIC17/fase_A2_sampling_size/knn/A2__StandardScaler_pca_RUS_SMOTE_knn/reports/CIC17__A2__StandardScaler_pca_RUS_SMOTE_knn__cv_summary.csv
CIC17,A2__StandardScaler_pca_RUS_SMOTE_knn,StandardScaler + PCA + RUS_SMOTE + knn,knn,knn,KNeighborsClassifier,StandardScaler,True,33,RUS_SMOTE,RUS_SMOTE,30000,0.9716910162220772,0.0005044715030751,7.854074418132059e-05,1.5996893747841612e-07,0.6341399279313842,0.016616431654408,0.9766579452490248,0.0003362390237031,0.0323592185974121,0.0029292706724512,0.1063420291735861,0.014926039537317,0.028308983777923,0.0005044715030751,0.0019836284742092,3.421186067009527e-05,0.001445443335215,5.222442719256964e-05,0.91573880014453,0.0013465286011546,0.5655123219292826,0.0169693341008738,0.9844725978848804,0.0001771465063634,0.8936579708264138,0.014926039537317,0.9716910162220772,0.0005044715030751,0.991467836820538,0.0001178543230224,31.677665567398076,0.0645238769681705,05_results/CIC17/fase_A2_sampling_size/knn/A2__StandardScaler_pca_RUS_SMOTE_knn/reports/CIC17__A2__StandardScaler_pca_RUS_SMOTE_knn__cv_summary.csv
CIC17,A2__StandardScaler_pca_RUS_SMOTE_knn,StandardScaler + PCA + RUS_SMOTE + knn,knn,knn,KNeighborsClassifier,StandardScaler,True,33,RUS_SMOTE,RUS_SMOTE,40000,0.9744406408231056,0.0004702119920902,0.0001072409673027,3.0317817562062587e-06,0.6507861409205955,0.0148751136878548,0.9786621714099076,0.0003601990798333,0.0414850234985351,0.0019207903393073,0.1096941653267052,0.0100869861159381,0.0255593591768944,0.0004702119920902,0.0017917467602621,3.20251601889538e-05,0.0013168422270376,3.6083844754043335e-05,0.9231392129629116,0.0012793794929132,0.585739546663722,0.0159907455468359,0.9853870861762258,0.0001994332869899,0.8903058346732948,0.010086986115938,0.9744406408231056,0.0004702119920902,0.9921377327657442,8.181829904135543e-05,43.25326247215271,1.2227590909067545,05_results/CIC17/fase_A2_sampling_size/knn/A2__StandardScaler_pca_RUS_SMOTE_knn/reports/CIC17__A2__StandardScaler_pca_RUS_SMOTE_knn__cv_summary.csv
CIC17,A2__StandardScaler_pca_RUS_SMOTE_ENN_knn,StandardScaler + PCA + RUS_SMOTE_ENN + knn,knn,knn,KNeighborsClassifier,StandardScaler,True,33,RUS_SMOTE_ENN,RUS_SMOTE_ENN,500,0.8683938936918286,0.0067542878827968,1.549219758280261e-06,1.0654858946101982e-07,0.4167339415144141,0.0156706081107575,0.9046689076325334,0.0047929321602799,0.0009543418884277,0.0001248466089739,0.1086696339330836,0.0191029826849829,0.1316061063081715,0.0067542878827968,0.0092491214283743,0.0004134967055159,0.0071307151174433,0.0009099609322058,0.7097950396348303,0.0098586806938371,0.342209073676273,0.0140756444918542,0.9597438253260244,0.0019130073989806,0.8913303660669165,0.0191029826849829,0.8683938936918286,0.0067542878827968,0.959383143335446,0.0031138985609167,0.6248434066772461,0.0429742028881275,05_results/CIC17/fase_A2_sampling_size/knn/A2__StandardScaler_pca_RUS_SMOTE_ENN_knn/reports/CIC17__A2__StandardScaler_pca_RUS_SMOTE_ENN_knn__cv_summary.csv
CIC17,A2__StandardScaler_pca_RUS_SMOTE_ENN_knn,StandardScaler + PCA + RUS_SMOTE_ENN + knn,knn,knn,KNeighborsClassifier,StandardScaler,True,33,RUS_SMOTE_ENN,RUS_SMOTE_ENN,1000,0.8996815990127827,0.0019841149369205,2.753833220560419e-06,6.499724841129955e-08,0.458249205231248,0.0143300463036759,0.9272630220724694,0.0015221587344588,0.0016376018524169,0.0001976671630421,0.1062999156891593,0.0188345843704082,0.1003184009872174,0.0019841149369205,0.0071200235887175,0.0001179939230047,0.0064819528435454,0.0010014044649172,0.7604109791580089,0.0032098906835983,0.3813190600796064,0.0145468428326583,0.9675631516073648,0.0009226865675013,0.8937000843108406,0.0188345843704081,0.8996815990127827,0.0019841149369205,0.971467057148122,0.0019485698819853,1.1106975078582764,0.0262159047837308,05_results/CIC17/fase_A2_sampling_size/knn/A2__StandardScaler_pca_RUS_SMOTE_ENN_knn/reports/CIC17__A2__StandardScaler_pca_RUS_SMOTE_ENN_knn__cv_summary.csv
CIC17,A2__StandardScaler_pca_RUS_SMOTE_ENN_knn,StandardScaler + PCA + RUS_SMOTE_ENN + knn,knn,knn,KNeighborsClassifier,StandardScaler,True,33,RUS_SMOTE_ENN,RUS_SMOTE_ENN,2000,0.9255439375673729,0.0012717269933965,5.297912812965219e-06,2.809184531408481e-07,0.492650471044092,0.0078052465744007,0.9454356070141458,0.0010344331381899,0.0030194282531738,0.0006791695778992,0.1119306754937161,0.0188398493953667,0.0744560624326271,0.0012717269933965,0.0054077277685691,8.497235133607972e-05,0.0066598540959094,0.0009774390314356,0.8081594854568153,0.0024507458031979,0.4138177076598217,0.0057894334461106,0.9737448905764604,0.0007839665194869,0.8880693245062838,0.0188398493953667,0.9255439375673729,0.0012717269933965,0.9783303840274704,0.0008514383836358,2.136795425415039,0.113299864488594,05_results/CIC17/fase_A2_sampling_size/knn/A2__StandardScaler_pca_RUS_SMOTE_ENN_knn/reports/CIC17__A2__StandardScaler_pca_RUS_SMOTE_ENN_knn__cv_summary.csv
CIC17,A2__StandardScaler_pca_RUS_SMOTE_ENN_knn,StandardScaler + PCA + RUS_SMOTE_ENN + knn,knn,knn,KNeighborsClassifier,StandardScaler,True,33,RUS_SMOTE_ENN,RUS_SMOTE_ENN,5000,0.9482004465856568,0.0013506512795209,1.2484371167897132e-05,5.18789507075929e-08,0.530540015302283,0.0112948540417231,0.960778908288121,0.0009004151094913,0.0068258762359619,0.0006329360935484,0.1082352262805948,0.0175329676196237,0.0517995534143433,0.0013506512795208,0.003837947413317,9.235446599426222e-05,0.0057696577854128,0.0006248700584641,0.8566433766953143,0.0030531159277381,0.4528260952633921,0.0104098842235583,0.9789070179824468,0.0003490540986324,0.8917647737194052,0.0175329676196237,0.9482004465856568,0.0013506512795209,0.984103186415464,0.0004401612998315,5.035293960571289,0.0209251474612323,05_results/CIC17/fase_A2_sampling_size/knn/A2__StandardScaler_pca_RUS_SMOTE_ENN_knn/reports/CIC17__A2__StandardScaler_pca_RUS_SMOTE_ENN_knn__cv_summary.csv
CIC17,A2__StandardScaler_pca_RUS_SMOTE_ENN_knn,StandardScaler + PCA + RUS_SMOTE_ENN + knn,knn,knn,KNeighborsClassifier,StandardScaler,True,33,RUS_SMOTE_ENN,RUS_SMOTE_ENN,10000,0.9595629162124132,0.0012405608228918,2.505959590362052e-05,1.7339935579719426e-07,0.5708003168016509,0.0102952378281877,0.9684785718111198,0.0009560510644519,0.0096641063690185,0.0005838671278195,0.1051718970331813,0.0158279791038527,0.0404370837875865,0.0012405608228918,0.0030353901060092,6.732480037726176e-05,0.0050937678025523,0.0005171976900971,0.8838060266185428,0.0029826834231001,0.4960780978717607,0.0098139774635201,0.9814705802385364,0.0005551332860608,0.8948281029668186,0.0158279791038526,0.9595629162124132,0.0012405608228918,0.9876707809976258,0.0004688772086476,10.107231664657592,0.0699331817355841,05_results/CIC17/fase_A2_sampling_size/knn/A2__StandardScaler_pca_RUS_SMOTE_ENN_knn/reports/CIC17__A2__StandardScaler_pca_RUS_SMOTE_ENN_knn__cv_summary.csv
CIC17,A2__StandardScaler_pca_RUS_SMOTE_ENN_knn,StandardScaler + PCA + RUS_SMOTE_ENN + knn,knn,knn,KNeighborsClassifier,StandardScaler,True,33,RUS_SMOTE_ENN,RUS_SMOTE_ENN,20000,0.968325515530368,0.0004865331975664,5.153317399151775e-05,2.741144993821275e-06,0.6116752007378612,0.0177556516928534,0.9745132038976944,0.0003795620627259,0.0190144062042236,0.0004895168729639,0.109539584667028,0.0141717117133874,0.031674484469632,0.0004865331975664,0.0023971180018836,4.557209471896887e-05,0.0042822855586229,0.0002303644413439,0.9062626611057354,0.0013072471252832,0.5427861019358939,0.0188221128899131,0.983751620636107,0.0002608441388602,0.8904604153329719,0.0141717117133874,0.968325515530368,0.0004865331975664,0.990189270318384,0.0002013772418071,20.78476071357727,1.1055553241429106,05_results/CIC17/fase_A2_sampling_size/knn/A2__StandardScaler_pca_RUS_SMOTE_ENN_knn/reports/CIC17__A2__StandardScaler_pca_RUS_SMOTE_ENN_knn__cv_summary.csv
CIC17,A2__StandardScaler_pca_RUS_SMOTE_ENN_knn,StandardScaler + PCA + RUS_SMOTE_ENN + knn,knn,knn,KNeighborsClassifier,StandardScaler,True,33,RUS_SMOTE_ENN,RUS_SMOTE_ENN,30000,0.9724368115151608,0.0005806572232941,7.999238971491084e-05,4.663205611791242e-06,0.6360052415319292,0.0148863711121109,0.9773277313935336,0.0004109492900093,0.0304121971130371,0.0026912779608506,0.1054134764530903,0.0119089167228267,0.0275631884848392,0.0005806572232941,0.0020703854565864,4.2561833483956936e-05,0.0034925933639581,0.0001080666217024,0.9173257073392926,0.0015617724671855,0.5693976659701713,0.0158699454986737,0.9848442236197196,0.0002118137935776,0.8945865235469096,0.0119089167228268,0.9724368115151608,0.0005806572232941,0.9912945432888192,0.0001486211748426,32.26315460205078,1.8808022828709008,05_results/CIC17/fase_A2_sampling_size/knn/A2__StandardScaler_pca_RUS_SMOTE_ENN_knn/reports/CIC17__A2__StandardScaler_pca_RUS_SMOTE_ENN_knn__cv_summary.csv
CIC17,A2__StandardScaler_pca_RUS_SMOTE_ENN_knn,StandardScaler + PCA + RUS_SMOTE_ENN + knn,knn,knn,KNeighborsClassifier,StandardScaler,True,33,RUS_SMOTE_ENN,RUS_SMOTE_ENN,40000,0.9752226349407296,0.0005757930201324,0.0001019216302726,1.0797844015088951e-06,0.6539537687320431,0.0155821340106084,0.9793671725202738,0.0004711961290122,0.0412471294403076,0.0015414640847022,0.1103707642770462,0.0109019161769876,0.0247773650592705,0.0005757930201324,0.0018569176339323,4.027226229533368e-05,0.0030763994497152,7.651710951177534e-05,0.9249648226936704,0.0015847179919233,0.591167853925221,0.0170559006120547,0.9858274958639096,0.0003047919281186,0.8896292357229537,0.0109019161769875,0.9752226349407296,0.0005757930201324,0.9919929431999606,7.946879031965775e-05,41.10782685279846,0.4355004821313097,05_results/CIC17/fase_A2_sampling_size/knn/A2__StandardScaler_pca_RUS_SMOTE_ENN_knn/reports/CIC17__A2__StandardScaler_pca_RUS_SMOTE_ENN_knn__cv_summary.csv
