dataset,experiment,descripcion_experimento,scaler,use_pca,n_components_pca,rebalanceo,rebalanceo_short,model,model_display_name,n,param_id,params,fold,train_original_rows_A,train_balanceado_rows_A,val_rows_B,param_metric,param_n_neighbors,B_accuracy,B_precision_weighted,B_recall_weighted,B_f1_weighted,B_precision_macro,B_recall_macro,B_f1_macro,B_mcc,B_roc_auc,B_detection_latency_seconds,B_fpr_macro,B_fnr_macro,B_fpr_weighted,B_fnr_weighted,B_score_time,B_fit_time
CIC17,C__StandardScaler_no_pca_RUS_SMOTE_ENN_knn,StandardScaler + sin PCA + RUS_SMOTE_ENN + knn,StandardScaler,False,,RUS_SMOTE_ENN,RUS_SMOTE_ENN,knn,KNeighborsClassifier,10000,1,"{""metric"": ""euclidean"", ""n_neighbors"": 3}",1,1613311,142306,403328,euclidean,3,0.9638929109806411,0.9818326659013831,0.9638929109806411,0.9711535892910181,0.5412273260969663,0.882834237277147,0.6130700861711212,0.8943139676025534,0.9856111397409169,4.726617887583054e-05,0.00282950721665137,0.11716576272285281,0.006335519230411611,0.03610708901935893,19.06377339363098,0.027408599853515625
CIC17,C__StandardScaler_no_pca_RUS_SMOTE_ENN_knn,StandardScaler + sin PCA + RUS_SMOTE_ENN + knn,StandardScaler,False,,RUS_SMOTE_ENN,RUS_SMOTE_ENN,knn,KNeighborsClassifier,10000,1,"{""metric"": ""euclidean"", ""n_neighbors"": 3}",2,1613311,141662,403328,euclidean,3,0.965888805141225,0.9830548852688291,0.965888805141225,0.9729106353980226,0.5322911518420951,0.8987269395636555,0.6040224594103761,0.8995086132359122,0.9868788323483765,5.0334971586093944e-05,0.0026693312990362355,0.1012730604363445,0.005928774626768539,0.03411119485877499,20.3015034198761,0.026834726333618164
CIC17,C__StandardScaler_no_pca_RUS_SMOTE_ENN_knn,StandardScaler + sin PCA + RUS_SMOTE_ENN + knn,StandardScaler,False,,RUS_SMOTE_ENN,RUS_SMOTE_ENN,knn,KNeighborsClassifier,10000,1,"{""metric"": ""euclidean"", ""n_neighbors"": 3}",3,1613311,141715,403328,euclidean,3,0.9664516225007934,0.9831598577807453,0.9664516225007934,0.973275121362124,0.5238000172586277,0.8923723927834643,0.59212329268687,0.9006895978443022,0.9861934107158342,5.015979072605758e-05,0.0027217021087061074,0.10762760721653566,0.00727715413138502,0.033548377499206604,20.23084807395935,0.02912735939025879
CIC17,C__StandardScaler_no_pca_RUS_SMOTE_ENN_knn,StandardScaler + sin PCA + RUS_SMOTE_ENN + knn,StandardScaler,False,,RUS_SMOTE_ENN,RUS_SMOTE_ENN,knn,KNeighborsClassifier,10000,1,"{""metric"": ""euclidean"", ""n_neighbors"": 3}",4,1613311,141521,403328,euclidean,3,0.965797068390987,0.9824672018688217,0.965797068390987,0.9725022113175276,0.506686627651875,0.897456740744441,0.5787734837933745,0.899206791205842,0.9870135358384998,5.066650882670706e-05,0.0026897621572785366,0.10254325925555897,0.006143500750165039,0.03420293160901301,20.435221672058105,0.030916690826416016
CIC17,C__StandardScaler_no_pca_RUS_SMOTE_ENN_knn,StandardScaler + sin PCA + RUS_SMOTE_ENN + knn,StandardScaler,False,,RUS_SMOTE_ENN,RUS_SMOTE_ENN,knn,KNeighborsClassifier,10000,1,"{""metric"": ""euclidean"", ""n_neighbors"": 3}",5,1613312,141908,403327,euclidean,3,0.9649639126564797,0.9827505958314091,0.9649639126564797,0.9722660863729726,0.522900404914443,0.8741224574063551,0.5919980272306785,0.8970330016325103,0.9865118287707039,5.092659615896823e-05,0.0027475661108867042,0.125877542593645,0.006177404319780289,0.035036087343520275,20.54007124900818,0.02256178855895996
CIC17,C__StandardScaler_no_pca_RUS_SMOTE_ENN_knn,StandardScaler + sin PCA + RUS_SMOTE_ENN + knn,StandardScaler,False,,RUS_SMOTE_ENN,RUS_SMOTE_ENN,knn,KNeighborsClassifier,10000,2,"{""metric"": ""euclidean"", ""n_neighbors"": 5}",1,1613311,142306,403328,euclidean,5,0.9586887099333545,0.980875954262196,0.9586887099333545,0.9676788245189667,0.5057542292891848,0.8833679758183096,0.5838627684099753,0.8816504291689543,0.9872683238478207,5.281891322673143e-05,0.0030939371765355047,0.1166320241816902,0.005097767581387059,0.04131129006664551,21.303346633911133,0.027270078659057617
CIC17,C__StandardScaler_no_pca_RUS_SMOTE_ENN_knn,StandardScaler + sin PCA + RUS_SMOTE_ENN + knn,StandardScaler,False,,RUS_SMOTE_ENN,RUS_SMOTE_ENN,knn,KNeighborsClassifier,10000,2,"{""metric"": ""euclidean"", ""n_neighbors"": 5}",2,1613311,141662,403328,euclidean,5,0.9608507219930181,0.9820221633851605,0.9608507219930181,0.9695289898949222,0.5107059675774627,0.9100487108762618,0.5859294332222661,0.8869814637872826,0.9881159924812919,5.301308112649908e-05,0.002950756794643679,0.08995128912373815,0.005112073912673277,0.03914927800698191,21.381659984588623,0.027149677276611328
CIC17,C__StandardScaler_no_pca_RUS_SMOTE_ENN_knn,StandardScaler + sin PCA + RUS_SMOTE_ENN + knn,StandardScaler,False,,RUS_SMOTE_ENN,RUS_SMOTE_ENN,knn,KNeighborsClassifier,10000,2,"{""metric"": ""euclidean"", ""n_neighbors"": 5}",3,1613311,141715,403328,euclidean,5,0.962073052205649,0.9822971177724908,0.962073052205649,0.9703339835798392,0.5072829011527299,0.8929986868919397,0.5779563692719721,0.8898199428484098,0.9877389198356212,5.092678023534743e-05,0.0029276085166444186,0.10700131310806027,0.005987179955315274,0.037926947794351,20.540196418762207,0.032053470611572266
CIC17,C__StandardScaler_no_pca_RUS_SMOTE_ENN_knn,StandardScaler + sin PCA + RUS_SMOTE_ENN + knn,StandardScaler,False,,RUS_SMOTE_ENN,RUS_SMOTE_ENN,knn,KNeighborsClassifier,10000,2,"{""metric"": ""euclidean"", ""n_neighbors"": 5}",4,1613311,141521,403328,euclidean,5,0.9606771659790543,0.981280978492682,0.9606771659790543,0.9689806818611253,0.4835903705465823,0.8974969156241707,0.5592912747493057,0.8865461361845339,0.9885001772464113,5.089944232667828e-05,0.002950720503381817,0.1025030843758292,0.004937973529781524,0.03932283402094573,20.529170274734497,0.024513721466064453
CIC17,C__StandardScaler_no_pca_RUS_SMOTE_ENN_knn,StandardScaler + sin PCA + RUS_SMOTE_ENN + knn,StandardScaler,False,,RUS_SMOTE_ENN,RUS_SMOTE_ENN,knn,KNeighborsClassifier,10000,2,"{""metric"": ""euclidean"", ""n_neighbors"": 5}",5,1613312,141908,403327,euclidean,5,0.9601787135500475,0.9818872028580533,0.9601787135500475,0.969093634563949,0.49716976444813826,0.8758732496778,0.566124799008683,0.8853496202159513,0.9878452309411746,5.1412428538215786e-05,0.0029653310364535874,0.12412675032219994,0.004658679096851299,0.03982128644995252,20.73602056503296,0.020726680755615234
CIC17,C__StandardScaler_no_pca_RUS_SMOTE_ENN_knn,StandardScaler + sin PCA + RUS_SMOTE_ENN + knn,StandardScaler,False,,RUS_SMOTE_ENN,RUS_SMOTE_ENN,knn,KNeighborsClassifier,10000,3,"{""metric"": ""euclidean"", ""n_neighbors"": 7}",1,1613311,142306,403328,euclidean,7,0.9547117978419549,0.9801841199065411,0.9547117978419549,0.9650501327633565,0.47172495107834894,0.8830223051953144,0.5495079581848032,0.872200652397813,0.9884014317269066,5.130888081398967e-05,0.0033293964110336503,0.11697769480468559,0.004652744007459687,0.04528820215804506,20.694308280944824,0.029273033142089844
CIC17,C__StandardScaler_no_pca_RUS_SMOTE_ENN_knn,StandardScaler + sin PCA + RUS_SMOTE_ENN + knn,StandardScaler,False,,RUS_SMOTE_ENN,RUS_SMOTE_ENN,knn,KNeighborsClassifier,10000,3,"{""metric"": ""euclidean"", ""n_neighbors"": 7}",2,1613311,141662,403328,euclidean,7,0.9564473579815932,0.9812264058494279,0.9564473579815932,0.96662602811639,0.4929304358541126,0.921047190215449,0.571107666774818,0.8764526542348948,0.9890102296878298,4.99843728235887e-05,0.003188449765605742,0.078952809784551,0.004274104465679274,0.043552642018406855,20.160097122192383,0.02830052375793457
CIC17,C__StandardScaler_no_pca_RUS_SMOTE_ENN_knn,StandardScaler + sin PCA + RUS_SMOTE_ENN + knn,StandardScaler,False,,RUS_SMOTE_ENN,RUS_SMOTE_ENN,knn,KNeighborsClassifier,10000,3,"{""metric"": ""euclidean"", ""n_neighbors"": 7}",3,1613311,141715,403328,euclidean,7,0.9583787884798477,0.9814846188121573,0.9583787884798477,0.967816337119393,0.4923391249365579,0.8928277079807788,0.565483096763267,0.8809105741495112,0.9887038958810161,5.081810485140099e-05,0.003112006014972505,0.10717229201922115,0.005058878704435249,0.04162121152015233,20.49636459350586,0.03297257423400879
CIC17,C__StandardScaler_no_pca_RUS_SMOTE_ENN_knn,StandardScaler + sin PCA + RUS_SMOTE_ENN + knn,StandardScaler,False,,RUS_SMOTE_ENN,RUS_SMOTE_ENN,knn,KNeighborsClassifier,10000,3,"{""metric"": ""euclidean"", ""n_neighbors"": 7}",4,1613311,141521,403328,euclidean,7,0.9562490082513487,0.9804364336063539,0.9562490082513487,0.9660399544514616,0.46679015560467696,0.8980008968166853,0.5437087419259575,0.8758811705365199,0.9894576163707872,4.7592978814563006e-05,0.0032170219188170064,0.10199910318331466,0.004504337033603872,0.04375099174865122,19.19558095932007,0.03377676010131836
CIC17,C__StandardScaler_no_pca_RUS_SMOTE_ENN_knn,StandardScaler + sin PCA + RUS_SMOTE_ENN + knn,StandardScaler,False,,RUS_SMOTE_ENN,RUS_SMOTE_ENN,knn,KNeighborsClassifier,10000,3,"{""metric"": ""euclidean"", ""n_neighbors"": 7}",5,1613312,141908,403327,euclidean,7,0.9561323690206706,0.9811504485766263,0.9561323690206706,0.9664082207765469,0.48012047432204014,0.8751074778317002,0.5504176468264552,0.8756951808315807,0.9887534426248991,5.296761163661141e-05,0.0031845589711547895,0.12489252216829984,0.00390075358799241,0.04386763097932943,21.36326789855957,0.022522449493408203
CIC17,C__StandardScaler_no_pca_RUS_SMOTE_ENN_knn,StandardScaler + sin PCA + RUS_SMOTE_ENN + knn,StandardScaler,False,,RUS_SMOTE_ENN,RUS_SMOTE_ENN,knn,KNeighborsClassifier,10000,4,"{""metric"": ""euclidean"", ""n_neighbors"": 9}",1,1613311,142306,403328,euclidean,9,0.9518828348143447,0.9799517008796664,0.9518828348143447,0.9633128343331891,0.4601896378034635,0.882072584628329,0.5382475497454516,0.8656875340992636,0.9890357887169563,5.133850934466874e-05,0.003489902414122083,0.117927415371671,0.004231371026175894,0.04811716518565535,20.706258296966553,0.026860713958740234
CIC17,C__StandardScaler_no_pca_RUS_SMOTE_ENN_knn,StandardScaler + sin PCA + RUS_SMOTE_ENN + knn,StandardScaler,False,,RUS_SMOTE_ENN,RUS_SMOTE_ENN,knn,KNeighborsClassifier,10000,4,"{""metric"": ""euclidean"", ""n_neighbors"": 9}",2,1613311,141662,403328,euclidean,9,0.9530233457632498,0.9804638790933056,0.9530233457632498,0.9642934402988267,0.4843479576798571,0.9218004604008185,0.5636716841862444,0.8684409034962933,0.9897340767529069,5.944512881426083e-05,0.00339197840963297,0.07819953959918148,0.0039030219077443033,0.04697665423675024,23.975884914398193,0.024262666702270508
CIC17,C__StandardScaler_no_pca_RUS_SMOTE_ENN_knn,StandardScaler + sin PCA + RUS_SMOTE_ENN + knn,StandardScaler,False,,RUS_SMOTE_ENN,RUS_SMOTE_ENN,knn,KNeighborsClassifier,10000,4,"{""metric"": ""euclidean"", ""n_neighbors"": 9}",3,1613311,141715,403328,euclidean,9,0.9551481672484925,0.9804939223566872,0.9551481672484925,0.9654754863684816,0.4793565743664168,0.8935884758010678,0.5548230758415542,0.873229733065147,0.989299513819175,4.993373500339874e-05,0.0032953647361342758,0.10641152419893202,0.004578638290506688,0.044851832751507455,20.139673471450806,0.024321556091308594
CIC17,C__StandardScaler_no_pca_RUS_SMOTE_ENN_knn,StandardScaler + sin PCA + RUS_SMOTE_ENN + knn,StandardScaler,False,,RUS_SMOTE_ENN,RUS_SMOTE_ENN,knn,KNeighborsClassifier,10000,4,"{""metric"": ""euclidean"", ""n_neighbors"": 9}",4,1613311,141521,403328,euclidean,9,0.9523687916534433,0.9795937577799906,0.9523687916534433,0.9633956991638104,0.4543082021257148,0.8978010339999453,0.5323568902963755,0.866802811705429,0.9900719537952929,4.8503850715873885e-05,0.0034494809119685202,0.10219896600005465,0.0041110053329711654,0.047631208346556646,19.562961101531982,0.030889511108398438
CIC17,C__StandardScaler_no_pca_RUS_SMOTE_ENN_knn,StandardScaler + sin PCA + RUS_SMOTE_ENN + knn,StandardScaler,False,,RUS_SMOTE_ENN,RUS_SMOTE_ENN,knn,KNeighborsClassifier,10000,4,"{""metric"": ""euclidean"", ""n_neighbors"": 9}",5,1613312,141908,403327,euclidean,9,0.9533703421789268,0.9806342589371594,0.9533703421789268,0.9645611650611937,0.4700278484240602,0.8744724972787906,0.5413659757082051,0.8692903014929059,0.9895701946779575,4.894759905655517e-05,0.0033314885074210406,0.12552750272120958,0.0033426697902423806,0.04662965782107322,19.741888284683228,0.02617335319519043
CIC17,C__StandardScaler_no_pca_RUS_SMOTE_ENN_knn,StandardScaler + sin PCA + RUS_SMOTE_ENN + knn,StandardScaler,False,,RUS_SMOTE_ENN,RUS_SMOTE_ENN,knn,KNeighborsClassifier,10000,5,"{""metric"": ""euclidean"", ""n_neighbors"": 11}",1,1613311,142306,403328,euclidean,11,0.9490588305299905,0.9795979224773822,0.9490588305299905,0.9614887706962109,0.4486967873231153,0.8844414352392884,0.5270690198730268,0.8593063052501606,0.9896725676426893,4.673439989257184e-05,0.003656204287689609,0.11555856476071161,0.0039018948453346143,0.05094116947000952,18.849292039871216,0.030038833618164062
CIC17,C__StandardScaler_no_pca_RUS_SMOTE_ENN_knn,StandardScaler + sin PCA + RUS_SMOTE_ENN + knn,StandardScaler,False,,RUS_SMOTE_ENN,RUS_SMOTE_ENN,knn,KNeighborsClassifier,10000,5,"{""metric"": ""euclidean"", ""n_neighbors"": 11}",2,1613311,141662,403328,euclidean,11,0.9498770231672485,0.9799396424591988,0.9498770231672485,0.9622460013909779,0.4766624815660293,0.9210060152805296,0.5567958800836124,0.8612659012919657,0.9902856630925255,4.95654898800573e-05,0.0035761129069568852,0.07899398471947049,0.0035187167716017737,0.050122976832751506,19.99114990234375,0.027414560317993164
CIC17,C__StandardScaler_no_pca_RUS_SMOTE_ENN_knn,StandardScaler + sin PCA + RUS_SMOTE_ENN + knn,StandardScaler,False,,RUS_SMOTE_ENN,RUS_SMOTE_ENN,knn,KNeighborsClassifier,10000,5,"{""metric"": ""euclidean"", ""n_neighbors"": 11}",3,1613311,141715,403328,euclidean,11,0.9522497818152967,0.9796579766702991,0.9522497818152967,0.9633947595270171,0.4668113972075842,0.8928542092538617,0.544450766758722,0.8664476081887131,0.9898163440353335,4.892504556203259e-05,0.0034783798097996455,0.10714579074613834,0.004425478962291416,0.04775021818470327,19.73284077644348,0.035422325134277344
CIC17,C__StandardScaler_no_pca_RUS_SMOTE_ENN_knn,StandardScaler + sin PCA + RUS_SMOTE_ENN + knn,StandardScaler,False,,RUS_SMOTE_ENN,RUS_SMOTE_ENN,knn,KNeighborsClassifier,10000,5,"{""metric"": ""euclidean"", ""n_neighbors"": 11}",4,1613311,141521,403328,euclidean,11,0.9489100682323072,0.9788321138116569,0.9489100682323072,0.9610185581244507,0.44553759606940635,0.8984966053446419,0.5243155031391132,0.8588997525609074,0.9907342953586227,5.155325737483007e-05,0.003665082286305087,0.101503394655358,0.0038863025268835094,0.051089931767692796,20.792872190475464,0.03577852249145508
CIC17,C__StandardScaler_no_pca_RUS_SMOTE_ENN_knn,StandardScaler + sin PCA + RUS_SMOTE_ENN + knn,StandardScaler,False,,RUS_SMOTE_ENN,RUS_SMOTE_ENN,knn,KNeighborsClassifier,10000,5,"{""metric"": ""euclidean"", ""n_neighbors"": 11}",5,1613312,141908,403327,euclidean,11,0.9507471604926028,0.9802508798661604,0.9507471604926028,0.9628682728812347,0.46481700184812197,0.8760142163536336,0.5367080909635035,0.8632714211169855,0.9901753722597297,5.4385549190813596e-05,0.0034875094479496355,0.12398578364636643,0.003059802211847309,0.04925283950739722,21.935160398483276,0.025645017623901367
CIC17,C__StandardScaler_no_pca_RUS_SMOTE_ENN_knn,StandardScaler + sin PCA + RUS_SMOTE_ENN + knn,StandardScaler,False,,RUS_SMOTE_ENN,RUS_SMOTE_ENN,knn,KNeighborsClassifier,10000,6,"{""metric"": ""euclidean"", ""n_neighbors"": 15}",1,1613311,142306,403328,euclidean,15,0.943767851475722,0.9786711866358878,0.943767851475722,0.9580116708364764,0.4359898228871304,0.8851594932186445,0.515153742680207,0.8475824586829178,0.990602711313606,5.1363344416282396e-05,0.003980119841166718,0.11484050678135532,0.0034696490932227624,0.056232148524278006,20.716274976730347,0.029330968856811523
CIC17,C__StandardScaler_no_pca_RUS_SMOTE_ENN_knn,StandardScaler + sin PCA + RUS_SMOTE_ENN + knn,StandardScaler,False,,RUS_SMOTE_ENN,RUS_SMOTE_ENN,knn,KNeighborsClassifier,10000,6,"{""metric"": ""euclidean"", ""n_neighbors"": 15}",2,1613311,141662,403328,euclidean,15,0.9444893486194859,0.9790145987682317,0.9444893486194859,0.9587054312025838,0.46537944561904415,0.9208410281928582,0.5467591053625985,0.84929027054014,0.9909544650036605,5.3184359948887066e-05,0.003907970062081437,0.07915897180714206,0.0031088995507074337,0.05551065138051412,21.45074152946472,0.029923439025878906
CIC17,C__StandardScaler_no_pca_RUS_SMOTE_ENN_knn,StandardScaler + sin PCA + RUS_SMOTE_ENN + knn,StandardScaler,False,,RUS_SMOTE_ENN,RUS_SMOTE_ENN,knn,KNeighborsClassifier,10000,6,"{""metric"": ""euclidean"", ""n_neighbors"": 15}",3,1613311,141715,403328,euclidean,15,0.946584417645192,0.97832645994206,0.946584417645192,0.9594834080656124,0.4482264537610559,0.8936867948644157,0.5282866408990695,0.8534968121189196,0.9906049469734184,5.112527933188069e-05,0.0038636038836625084,0.10631320513558418,0.0045384759001296186,0.053415582354808,20.620256662368774,0.033972978591918945
CIC17,C__StandardScaler_no_pca_RUS_SMOTE_ENN_knn,StandardScaler + sin PCA + RUS_SMOTE_ENN + knn,StandardScaler,False,,RUS_SMOTE_ENN,RUS_SMOTE_ENN,knn,KNeighborsClassifier,10000,6,"{""metric"": ""euclidean"", ""n_neighbors"": 15}",4,1613311,141521,403328,euclidean,15,0.9440009124087592,0.9778923514694059,0.9440009124087592,0.9577010681044601,0.43496429365352635,0.9000897817958523,0.5142279817993592,0.8480599307393681,0.9915680676670451,5.380724598418641e-05,0.0039621017233829,0.09991021820414761,0.003432438259502626,0.05599908759124088,21.701968908309937,0.03407740592956543
CIC17,C__StandardScaler_no_pca_RUS_SMOTE_ENN_knn,StandardScaler + sin PCA + RUS_SMOTE_ENN + knn,StandardScaler,False,,RUS_SMOTE_ENN,RUS_SMOTE_ENN,knn,KNeighborsClassifier,10000,6,"{""metric"": ""euclidean"", ""n_neighbors"": 15}",5,1613312,141908,403327,euclidean,15,0.9454288951644695,0.9793873981377004,0.9454288951644695,0.9593872668832962,0.4490403998734663,0.8747545713730477,0.5226576226091864,0.8513547742742471,0.9911842483020639,5.05442422205612e-05,0.0038114858502710553,0.12524542862695257,0.0026011829185353485,0.05457110483553049,20.385857582092285,0.02590775489807129
CIC17,C__StandardScaler_no_pca_RUS_SMOTE_ENN_knn,StandardScaler + sin PCA + RUS_SMOTE_ENN + knn,StandardScaler,False,,RUS_SMOTE_ENN,RUS_SMOTE_ENN,knn,KNeighborsClassifier,10000,7,"{""metric"": ""manhattan"", ""n_neighbors"": 3}",1,1613311,142306,403328,manhattan,3,0.9659284750872739,0.9829714653450908,0.9659284750872739,0.9728927652503722,0.5383844577519882,0.8842285203373456,0.6091293282296159,0.8998226043559872,0.9868737304753593,0.00023286822404191063,0.00261283437469518,0.11577147966265437,0.0051209907077015724,0.034071524912726116,93.92227506637573,0.027801990509033203
CIC17,C__StandardScaler_no_pca_RUS_SMOTE_ENN_knn,StandardScaler + sin PCA + RUS_SMOTE_ENN + knn,StandardScaler,False,,RUS_SMOTE_ENN,RUS_SMOTE_ENN,knn,KNeighborsClassifier,10000,7,"{""metric"": ""manhattan"", ""n_neighbors"": 3}",2,1613311,141662,403328,manhattan,3,0.9677681688352904,0.9838763463208723,0.9677681688352904,0.9743825702750043,0.544802216957643,0.9094451778175322,0.6154023053424457,0.9046322940327135,0.9877829161422148,0.00022893012993413658,0.00247677106302064,0.0905548221824679,0.0049197347805999886,0.032231831164709616,92.33393144607544,0.02875065803527832
CIC17,C__StandardScaler_no_pca_RUS_SMOTE_ENN_knn,StandardScaler + sin PCA + RUS_SMOTE_ENN + knn,StandardScaler,False,,RUS_SMOTE_ENN,RUS_SMOTE_ENN,knn,KNeighborsClassifier,10000,7,"{""metric"": ""manhattan"", ""n_neighbors"": 3}",3,1613311,141715,403328,manhattan,3,0.9679714773087909,0.9840686270038531,0.9679714773087909,0.9746002736167644,0.5475551199832851,0.8933788020384441,0.6186503543679914,0.9049767692780485,0.9872793305195575,0.00023312948499925928,0.002528838687590312,0.10662119796155599,0.005904057622645552,0.032028522691209135,94.02764892578125,0.03268313407897949
CIC17,C__StandardScaler_no_pca_RUS_SMOTE_ENN_knn,StandardScaler + sin PCA + RUS_SMOTE_ENN + knn,StandardScaler,False,,RUS_SMOTE_ENN,RUS_SMOTE_ENN,knn,KNeighborsClassifier,10000,7,"{""metric"": ""manhattan"", ""n_neighbors"": 3}",4,1613311,141521,403328,manhattan,3,0.9671508052999048,0.9831888069047153,0.9671508052999048,0.9736501438371011,0.523573773530896,0.8987328964530898,0.5980725624685792,0.9029857421047081,0.9876315343819495,0.0002337658381185922,0.0025328868764846707,0.10126710354691014,0.0051441084471748584,0.03284919470009521,94.28430795669556,0.03354811668395996
CIC17,C__StandardScaler_no_pca_RUS_SMOTE_ENN_knn,StandardScaler + sin PCA + RUS_SMOTE_ENN + knn,StandardScaler,False,,RUS_SMOTE_ENN,RUS_SMOTE_ENN,knn,KNeighborsClassifier,10000,7,"{""metric"": ""manhattan"", ""n_neighbors"": 3}",5,1613312,141908,403327,manhattan,3,0.967202790787624,0.9838035392647679,0.967202790787624,0.974034083803046,0.5358813337390743,0.8760113718168738,0.60342122481095,0.9032145005048736,0.9876101401873358,0.0002219192014519424,0.002492016286285724,0.12398862818312638,0.004583035081909799,0.03279720921237606,89.50600576400757,0.024671316146850586
CIC17,C__StandardScaler_no_pca_RUS_SMOTE_ENN_knn,StandardScaler + sin PCA + RUS_SMOTE_ENN + knn,StandardScaler,False,,RUS_SMOTE_ENN,RUS_SMOTE_ENN,knn,KNeighborsClassifier,10000,8,"{""metric"": ""manhattan"", ""n_neighbors"": 5}",1,1613311,142306,403328,manhattan,5,0.9613540344335132,0.9818386295363998,0.9613540344335132,0.969716482510914,0.5172632095882175,0.88374670822086,0.591656764306999,0.8884460261835262,0.9884709933831338,0.00023354129923105013,0.0028621647646202663,0.11625329177913987,0.004286505902817164,0.03864596556648683,94.19374513626099,0.027983427047729492
CIC17,C__StandardScaler_no_pca_RUS_SMOTE_ENN_knn,StandardScaler + sin PCA + RUS_SMOTE_ENN + knn,StandardScaler,False,,RUS_SMOTE_ENN,RUS_SMOTE_ENN,knn,KNeighborsClassifier,10000,8,"{""metric"": ""manhattan"", ""n_neighbors"": 5}",2,1613311,141662,403328,manhattan,5,0.9630871152015233,0.982772520298622,0.9630871152015233,0.9711846159250485,0.5251489897317835,0.9219450437062279,0.5990576851497164,0.8928450445148546,0.989000802346736,0.00022718355518339247,0.0027316719828860987,0.07805495629377208,0.0040621949448148105,0.036912884798476674,91.62948894500732,0.024866819381713867
CIC17,C__StandardScaler_no_pca_RUS_SMOTE_ENN_knn,StandardScaler + sin PCA + RUS_SMOTE_ENN + knn,StandardScaler,False,,RUS_SMOTE_ENN,RUS_SMOTE_ENN,knn,KNeighborsClassifier,10000,8,"{""metric"": ""manhattan"", ""n_neighbors"": 5}",3,1613311,141715,403328,manhattan,5,0.9639301015550619,0.9830316488728957,0.9639301015550619,0.9718104816767829,0.5316018120628587,0.8918166225604606,0.6050478612441098,0.8947459307476132,0.9885873996695452,0.00023174558457912848,0.0027451508844831053,0.10818337743953942,0.005107364822308462,0.03606989844493811,93.46948313713074,0.02841949462890625
CIC17,C__StandardScaler_no_pca_RUS_SMOTE_ENN_knn,StandardScaler + sin PCA + RUS_SMOTE_ENN + knn,StandardScaler,False,,RUS_SMOTE_ENN,RUS_SMOTE_ENN,knn,KNeighborsClassifier,10000,8,"{""metric"": ""manhattan"", ""n_neighbors"": 5}",4,1613311,141521,403328,manhattan,5,0.9621077634084417,0.9818998344690616,0.9621077634084417,0.9701477247321615,0.5019591152989656,0.8998808426917425,0.5800658414527441,0.89031784811701,0.9890834613205256,0.0002329224559219252,0.0028204306385266956,0.10011915730825734,0.004414222986342202,0.037892236591558236,93.94414830207825,0.033754587173461914
CIC17,C__StandardScaler_no_pca_RUS_SMOTE_ENN_knn,StandardScaler + sin PCA + RUS_SMOTE_ENN + knn,StandardScaler,False,,RUS_SMOTE_ENN,RUS_SMOTE_ENN,knn,KNeighborsClassifier,10000,8,"{""metric"": ""manhattan"", ""n_neighbors"": 5}",5,1613312,141908,403327,manhattan,5,0.962819250880799,0.9827961477307736,0.962819250880799,0.9710099685076095,0.5169488063995265,0.877266542859103,0.5877436522087205,0.892304320742127,0.9887783929199798,0.0002325765586961436,0.0026992353313305593,0.1227334571408971,0.003307780850757345,0.037180749119201044,93.8044056892395,0.0241091251373291
CIC17,C__StandardScaler_no_pca_RUS_SMOTE_ENN_knn,StandardScaler + sin PCA + RUS_SMOTE_ENN + knn,StandardScaler,False,,RUS_SMOTE_ENN,RUS_SMOTE_ENN,knn,KNeighborsClassifier,10000,9,"{""metric"": ""manhattan"", ""n_neighbors"": 7}",1,1613311,142306,403328,manhattan,7,0.957347369882577,0.9809973480656013,0.957347369882577,0.9669886895187528,0.4938115653385546,0.8839665329371318,0.5710073258101939,0.8787897081251488,0.9894663249461678,0.00022478534960341962,0.0030941012779979607,0.11603346706286827,0.0037588890525463705,0.04265263011742304,90.66222548484802,0.028671979904174805
CIC17,C__StandardScaler_no_pca_RUS_SMOTE_ENN_knn,StandardScaler + sin PCA + RUS_SMOTE_ENN + knn,StandardScaler,False,,RUS_SMOTE_ENN,RUS_SMOTE_ENN,knn,KNeighborsClassifier,10000,9,"{""metric"": ""manhattan"", ""n_neighbors"": 7}",2,1613311,141662,403328,manhattan,7,0.9594895469692161,0.9818760476424536,0.9594895469692161,0.9686992666435974,0.5085009257534785,0.9225385851562499,0.5840318344292352,0.8840659315339203,0.9898667152968745,0.000225013314079232,0.002935905942574866,0.07746141484375019,0.00352813610783912,0.04051045303078388,90.75416994094849,0.02846074104309082
CIC17,C__StandardScaler_no_pca_RUS_SMOTE_ENN_knn,StandardScaler + sin PCA + RUS_SMOTE_ENN + knn,StandardScaler,False,,RUS_SMOTE_ENN,RUS_SMOTE_ENN,knn,KNeighborsClassifier,10000,9,"{""metric"": ""manhattan"", ""n_neighbors"": 7}",3,1613311,141715,403328,manhattan,7,0.9603821207553158,0.9819376433714256,0.9603821207553158,0.9692493475343475,0.5131568846178888,0.8762370966143127,0.588954913595692,0.8860161257243503,0.989470016585741,0.00022593133272121385,0.0029394482319377246,0.12376290338568725,0.004473844234381632,0.039617879244684226,91.12443256378174,0.02668452262878418
CIC17,C__StandardScaler_no_pca_RUS_SMOTE_ENN_knn,StandardScaler + sin PCA + RUS_SMOTE_ENN + knn,StandardScaler,False,,RUS_SMOTE_ENN,RUS_SMOTE_ENN,knn,KNeighborsClassifier,10000,9,"{""metric"": ""manhattan"", ""n_neighbors"": 7}",4,1613311,141521,403328,manhattan,7,0.9575134877816566,0.9808710000556045,0.9575134877816566,0.9670076052359174,0.4835775845021654,0.9002468998715142,0.5639150356579826,0.8791915123061084,0.9899323912165161,0.00023592399005869464,0.0030869665724006816,0.09975310012848565,0.00381798636766685,0.04248651221834338,95.15475106239319,0.03322577476501465
CIC17,C__StandardScaler_no_pca_RUS_SMOTE_ENN_knn,StandardScaler + sin PCA + RUS_SMOTE_ENN + knn,StandardScaler,False,,RUS_SMOTE_ENN,RUS_SMOTE_ENN,knn,KNeighborsClassifier,10000,9,"{""metric"": ""manhattan"", ""n_neighbors"": 7}",5,1613312,141908,403327,manhattan,7,0.9597249874171578,0.9820042197770794,0.9597249874171578,0.9688650743751137,0.5057827219443242,0.8765412146607556,0.5782919271778025,0.8846972460746948,0.9896988261779869,0.00023116005699604648,0.002886213615074726,0.12345878533924459,0.003018191643278681,0.04027501258284221,93.23309230804443,0.023854732513427734
CIC17,C__StandardScaler_no_pca_RUS_SMOTE_ENN_knn,StandardScaler + sin PCA + RUS_SMOTE_ENN + knn,StandardScaler,False,,RUS_SMOTE_ENN,RUS_SMOTE_ENN,knn,KNeighborsClassifier,10000,10,"{""metric"": ""manhattan"", ""n_neighbors"": 9}",1,1613311,142306,403328,manhattan,9,0.9542531140907649,0.9805113781811557,0.9542531140907649,0.9649726759215096,0.4786052641821182,0.8833465154772991,0.556732438609734,0.871526436451151,0.9901440521898163,0.0002274001788635248,0.003273255825408309,0.11665348452270087,0.0033519514718894825,0.04574688590923516,91.71685934066772,0.028657913208007812
CIC17,C__StandardScaler_no_pca_RUS_SMOTE_ENN_knn,StandardScaler + sin PCA + RUS_SMOTE_ENN + knn,StandardScaler,False,,RUS_SMOTE_ENN,RUS_SMOTE_ENN,knn,KNeighborsClassifier,10000,10,"{""metric"": ""manhattan"", ""n_neighbors"": 9}",2,1613311,141662,403328,manhattan,9,0.9562514876229768,0.9810005827446027,0.9562514876229768,0.9664254100827223,0.49800760241214415,0.9217543067045444,0.5751441621104783,0.8763431384545254,0.990564764445229,0.00023550795694450772,0.0031194219242917484,0.07824569329545565,0.0030428164873530527,0.043748512377023166,94.9869532585144,0.028710126876831055
CIC17,C__StandardScaler_no_pca_RUS_SMOTE_ENN_knn,StandardScaler + sin PCA + RUS_SMOTE_ENN + knn,StandardScaler,False,,RUS_SMOTE_ENN,RUS_SMOTE_ENN,knn,KNeighborsClassifier,10000,10,"{""metric"": ""manhattan"", ""n_neighbors"": 9}",3,1613311,141715,403328,manhattan,9,0.9572010869565217,0.9808123012326178,0.9572010869565217,0.9668742559772052,0.5028796260048216,0.8950910547970518,0.5809493408309218,0.8783295993500869,0.9901449358153205,0.00023153033586333042,0.0031332808311592465,0.10490894520294809,0.004200299423910425,0.042798913043478264,93.38266730308533,0.030179738998413086
CIC17,C__StandardScaler_no_pca_RUS_SMOTE_ENN_knn,StandardScaler + sin PCA + RUS_SMOTE_ENN + knn,StandardScaler,False,,RUS_SMOTE_ENN,RUS_SMOTE_ENN,knn,KNeighborsClassifier,10000,10,"{""metric"": ""manhattan"", ""n_neighbors"": 9}",4,1613311,141521,403328,manhattan,9,0.9542208822596001,0.9800013601078406,0.9542208822596001,0.9646963368394752,0.4751226411157193,0.8988309141438947,0.5559452049327958,0.8714295263160282,0.9905742644004617,0.00022849884984872334,0.0032825459901270992,0.10116908585610518,0.003459072111506619,0.045779117740399874,92.15998411178589,0.03467607498168945
CIC17,C__StandardScaler_no_pca_RUS_SMOTE_ENN_knn,StandardScaler + sin PCA + RUS_SMOTE_ENN + knn,StandardScaler,False,,RUS_SMOTE_ENN,RUS_SMOTE_ENN,knn,KNeighborsClassifier,10000,10,"{""metric"": ""manhattan"", ""n_neighbors"": 9}",5,1613312,141908,403327,manhattan,9,0.9570224656420224,0.9814286269900646,0.9570224656420224,0.9670424616016814,0.49887201518357926,0.8764749273091688,0.5724327012362864,0.8782393881101767,0.9905348256741122,0.00023109261973461575,0.003042559293759541,0.12352507269083143,0.002660855048415595,0.04297753435797752,93.20589303970337,0.02415609359741211
CIC17,C__StandardScaler_no_pca_RUS_SMOTE_ENN_knn,StandardScaler + sin PCA + RUS_SMOTE_ENN + knn,StandardScaler,False,,RUS_SMOTE_ENN,RUS_SMOTE_ENN,knn,KNeighborsClassifier,10000,11,"{""metric"": ""manhattan"", ""n_neighbors"": 11}",1,1613311,142306,403328,manhattan,11,0.9515010115836242,0.9800467143207877,0.9515010115836242,0.9631603418793178,0.4704616126989071,0.8853757216095256,0.5497246967702412,0.8651719523830619,0.9907867002619126,0.0002379470561864224,0.003445015741602351,0.11462427839047432,0.003176247707659513,0.04849898841637575,95.97071027755737,0.029033660888671875
CIC17,C__StandardScaler_no_pca_RUS_SMOTE_ENN_knn,StandardScaler + sin PCA + RUS_SMOTE_ENN + knn,StandardScaler,False,,RUS_SMOTE_ENN,RUS_SMOTE_ENN,knn,KNeighborsClassifier,10000,11,"{""metric"": ""manhattan"", ""n_neighbors"": 11}",2,1613311,141662,403328,manhattan,11,0.9535068232307204,0.9803242183432834,0.9535068232307204,0.9645405140315114,0.49209221749166515,0.9213995130746379,0.5698647501361986,0.8698684729099672,0.9911716051504006,0.00023253900993536178,0.003296776036141212,0.07860048692536228,0.0029584637728385854,0.046493176769279596,93.7894937992096,0.028839826583862305
CIC17,C__StandardScaler_no_pca_RUS_SMOTE_ENN_knn,StandardScaler + sin PCA + RUS_SMOTE_ENN + knn,StandardScaler,False,,RUS_SMOTE_ENN,RUS_SMOTE_ENN,knn,KNeighborsClassifier,10000,11,"{""metric"": ""manhattan"", ""n_neighbors"": 11}",3,1613311,141715,403328,manhattan,11,0.9540894755633132,0.9799235303546987,0.9540894755633132,0.9646710589207517,0.4911743243319976,0.8946580902128076,0.5708418203640971,0.8709367974282443,0.9906669620251501,0.00023162602002149308,0.003332484403684554,0.1053419097871923,0.0040767416185815445,0.045910524436686764,93.42125940322876,0.0336155891418457
CIC17,C__StandardScaler_no_pca_RUS_SMOTE_ENN_knn,StandardScaler + sin PCA + RUS_SMOTE_ENN + knn,StandardScaler,False,,RUS_SMOTE_ENN,RUS_SMOTE_ENN,knn,KNeighborsClassifier,10000,11,"{""metric"": ""manhattan"", ""n_neighbors"": 11}",4,1613311,141521,403328,manhattan,11,0.9517315931450333,0.9794072061636783,0.9517315931450333,0.9629898731763652,0.46934698484313253,0.8997688730090777,0.5507167717853264,0.8656501618769541,0.9911947881371642,0.00022759430597544246,0.0034362360895243446,0.10023112699092225,0.0032751344878985005,0.04826840685496668,91.79515624046326,0.03332638740539551
CIC17,C__StandardScaler_no_pca_RUS_SMOTE_ENN_knn,StandardScaler + sin PCA + RUS_SMOTE_ENN + knn,StandardScaler,False,,RUS_SMOTE_ENN,RUS_SMOTE_ENN,knn,KNeighborsClassifier,10000,11,"{""metric"": ""manhattan"", ""n_neighbors"": 11}",5,1613312,141908,403327,manhattan,11,0.9543918458223725,0.9808820175905413,0.9543918458223725,0.9652780011484698,0.4909320244908695,0.8765129667823405,0.5657245774061436,0.8720246089115142,0.991068766857347,0.00022898872519686101,0.003209098733319679,0.12348703321765982,0.002528326822167599,0.045608154177627584,92.35733556747437,0.0245208740234375
CIC17,C__StandardScaler_no_pca_RUS_SMOTE_ENN_knn,StandardScaler + sin PCA + RUS_SMOTE_ENN + knn,StandardScaler,False,,RUS_SMOTE_ENN,RUS_SMOTE_ENN,knn,KNeighborsClassifier,10000,12,"{""metric"": ""manhattan"", ""n_neighbors"": 15}",1,1613311,142306,403328,manhattan,15,0.946584417645192,0.9790301066095314,0.946584417645192,0.9598245263420607,0.45467214007061646,0.8859704102053472,0.5357277476716624,0.854044544620359,0.9916901616654559,0.00023002282106585065,0.003760583794174383,0.11402958979465266,0.00299317455780775,0.053415582354808,92.77464437484741,0.02926778793334961
CIC17,C__StandardScaler_no_pca_RUS_SMOTE_ENN_knn,StandardScaler + sin PCA + RUS_SMOTE_ENN + knn,StandardScaler,False,,RUS_SMOTE_ENN,RUS_SMOTE_ENN,knn,KNeighborsClassifier,10000,12,"{""metric"": ""manhattan"", ""n_neighbors"": 15}",2,1613311,141662,403328,manhattan,15,0.9482951840685496,0.9793778032065527,0.9482951840685496,0.9610888515645355,0.4744754230522077,0.9206201607951366,0.5545751058353159,0.8579757861451052,0.9919077170619877,0.0002373157111057135,0.0036225683321711045,0.07937983920486341,0.002633709051116241,0.051704815931450335,95.71607112884521,0.029086589813232422
CIC17,C__StandardScaler_no_pca_RUS_SMOTE_ENN_knn,StandardScaler + sin PCA + RUS_SMOTE_ENN + knn,StandardScaler,False,,RUS_SMOTE_ENN,RUS_SMOTE_ENN,knn,KNeighborsClassifier,10000,12,"{""metric"": ""manhattan"", ""n_neighbors"": 15}",3,1613311,141715,403328,manhattan,15,0.9487885790225326,0.9785835180607092,0.9487885790225326,0.9609989307627749,0.47580126660943073,0.8939134000854793,0.5575209160080722,0.8586986489577744,0.9914720636723546,0.00023010657330007259,0.00368027936502382,0.10608659991452078,0.003992769497889829,0.05121142097746747,92.80842399597168,0.02167367935180664
CIC17,C__StandardScaler_no_pca_RUS_SMOTE_ENN_knn,StandardScaler + sin PCA + RUS_SMOTE_ENN + knn,StandardScaler,False,,RUS_SMOTE_ENN,RUS_SMOTE_ENN,knn,KNeighborsClassifier,10000,12,"{""metric"": ""manhattan"", ""n_neighbors"": 15}",4,1613311,141521,403328,manhattan,15,0.9472042605522056,0.978507522335876,0.9472042605522056,0.9599330320813395,0.4560923324800248,0.89951186473305,0.5387048053621418,0.8554325588972089,0.9920613881382503,0.0002292303379680648,0.0037199167264317444,0.10048813526694991,0.0030030114486818203,0.05279573944779435,92.45501375198364,0.024025917053222656
CIC17,C__StandardScaler_no_pca_RUS_SMOTE_ENN_knn,StandardScaler + sin PCA + RUS_SMOTE_ENN + knn,StandardScaler,False,,RUS_SMOTE_ENN,RUS_SMOTE_ENN,knn,KNeighborsClassifier,10000,12,"{""metric"": ""manhattan"", ""n_neighbors"": 15}",5,1613312,141908,403327,manhattan,15,0.9498297907157219,0.979958681980093,0.9498297907157219,0.9622233436659815,0.47444764838919906,0.8765620439074415,0.5497861937735072,0.8614798300025759,0.9919867875993346,0.00022167138863923117,0.0035040702561269983,0.12343795609255871,0.0023908445576269577,0.05017020928427802,89.40605616569519,0.024321556091308594
